Country ,Country Code,1990,1991,1992,1993,1994,1995,1996,1997,1998,1999,2000,2001,2002,2003,2004,2005,2006,2007,2008,2009,2010,2011,2012,2013,2014,2015,2016,2017,2018,2019
Aruba,ABW,24101.10943,25870.75594,26533.3439,27430.7524,28656.52021,28648.99002,28499.08943,30215.94923,30512.68391,30728.0545,33120.05418,32117.91232,30862.22269,31387.28296,34176.4646,35207.57724,36362.21932,37865.49349,38515.2638,34693.08675,33732.84745,35492.61849,35498.98209,37419.89282,38223.37226,38249.05487,38390.27165,39454.62983,,
Afghanistan,AFG,,,,,,,,,,,,,839.4858861,888.15337,885.840819,979.2739786,1031.643135,1176.126357,1218.118215,1454.663015,1637.377987,1626.764793,1806.76393,1874.765634,1897.525938,1886.692977,1896.99252,1934.636754,1955.006208,
Angola,AGO,3089.683369,3120.356148,2908.160798,2190.76816,2195.532289,2496.199493,2794.896906,2953.342709,3027.341795,3037.721175,3097.307292,3191.266323,3564.096026,3614.607278,3978.697194,4555.185842,5048.876449,5697.251328,6221.423373,6092.783245,6230.297028,6346.395122,6772.528333,6980.423038,7199.245478,7096.600615,6756.935074,6650.58494,6452.355165,
Albania,ALB,2549.473022,1909.114038,1823.307673,2057.449657,2289.873135,2665.764906,2980.066288,2717.362124,3021.014738,3471.652592,3861.334172,4301.352799,4661.371553,4994.518807,5422.778462,5865.306196,6559.783257,7276.302969,8228.374239,8814.810856,9628.025783,10207.75235,10526.23545,10571.01065,11259.22589,11662.03048,11868.17897,12930.14003,13364.1554,
Arab World,ARB,6808.206995,6872.273195,7255.328362,7458.647059,7645.682856,7774.20736,8094.149842,8397.515692,8797.662606,8938.451524,9415.632618,9584.108301,9581.797143,9974.641898,10937.31609,11646.48609,12442.18794,13041.92553,13739.72775,13640.84678,14127.77802,14518.82745,15423.46539,15824.78011,16153.24486,16501.79259,16935.3833,17099.88939,17570.1376,
United Arab Emirates,ARE,72906.52012,71753.72956,71567.82752,70082.38933,72471.68729,74994.38062,76848.79224,80390.06411,77421.10866,76654.25591,82215.31447,80843.60537,79863.48973,82946.33521,85147.21909,81635.46797,79970.73625,72802.1616,66641.48428,56975.52938,54230.17367,56574.28818,58961.20201,62641.83699,66443.99758,70212.09301,72386.09047,73137.87019,75075.25741,
Argentina,ARG,7380.115031,8210.643432,8942.569853,9777.214005,10435.91077,10225.11871,10857.42967,11802.84259,12255.67626,11878.73117,11916.58261,11514.61911,10310.12912,11307.75798,12527.8005,13916.53051,15334.93686,16994.69598,17850.13019,16753.39489,18524.85676,19817.45048,19764.22501,20365.61335,20008.32064,20551.83319,20130.40803,20843.15507,20610.56855,
Armenia,ARM,2428.55896,2237.752728,1356.210786,1296.178498,1429.102386,1591.894846,1742.734114,1852.200102,2025.55542,2136.121598,2327.362521,2621.854364,3031.121882,3539.630267,4038.455075,4772.590047,5609.16897,6609.171824,7264.561195,6326.657969,6565.67866,7019.767748,7649.061531,8003.087763,8405.073655,8727.385447,8808.572714,9620.818491,10343.17559,
Antigua and Barbuda,ATG,11326.70262,11806.23441,12005.98679,12682.47535,13524.67029,12924.35537,13729.75755,14416.11487,14951.18066,15423.9946,16526.98722,15804.12156,15994.17615,17059.13716,18284.46766,19784.96679,22634.001,24994.55822,25064.10177,21852.20308,20134.81725,19876.21532,20672.91206,20656.38158,21599.19914,22422.02939,23670.30226,24644.55188,26868.13352,
Australia,AUS,17329.70661,17790.98014,18189.37874,19131.84187,20064.45901,20894.39721,21972.05265,22934.78601,24196.72128,25264.36436,26328.67368,27336.68269,28718.24108,29693.90591,31327.37749,32575.06925,34306.65231,36560.40565,37459.30765,40300.30823,39324.36895,41965.35842,42826.78958,45902.04795,46880.22066,46276.15069,47305.88002,49628.81181,51663.36509,
Austria,AUT,19442.31204,20585.01931,21259.63675,21698.30767,22606.82964,23660.40861,24529.20783,25424.06993,26674.60955,27606.48303,29380.06604,29715.22222,31178.69333,32108.63255,33743.04471,35013.71404,37623.07576,39392.54059,41316.22518,40926.52376,42006.04688,44452.73275,46457.34578,47922.04912,48799.71547,49879.26647,51809.51363,53937.06638,55454.68929,
Azerbaijan,AZE,5703.869981,5765.287722,4495.397859,3485.511594,2820.251167,2510.538535,2563.721,2732.700287,3011.087717,3251.934938,3663.445253,4082.68233,4504.976485,5018.890056,5581.871258,7290.229953,9989.206473,12724.34834,14047.66019,15162.8878,15884.04479,15754.15236,16193.39567,17216.17853,17808.9019,17973.09067,17417.08669,17525.27963,18044.13678,
Burundi,BDI,666.7039012,707.3092624,715.2297296,673.1692275,649.8996288,601.9874705,557.1693503,552.1150432,578.8523018,573.7140549,571.3263123,582.4678169,601.5297558,587.2425099,612.4744378,617.0619445,648.7489871,666.8755949,689.7486433,698.1735533,718.7144691,739.219255,762.4224795,788.8937827,812.0300436,764.1957633,743.9035976,737.9785829,744.182072,
Belgium,BEL,18659.11956,19570.87419,20240.98124,20441.22271,21485.12027,22411.75195,22715.63203,23729.79048,24368.523,25440.84119,27788.43052,28800.12971,30282.28865,30898.60744,32033.87096,33177.89095,35222.60515,36755.65633,37883.33194,37757.28209,39836.89771,40942.37271,42290.76205,43671.11959,44929.68559,46213.26653,47855.49023,50220.86667,51407.99834,
Benin,BEN,949.1686909,988.7710146,1005.614605,1052.038609,1059.292046,1109.72406,1142.406294,1192.095665,1216.727387,1262.405244,1326.089814,1384.897282,1428.017897,1459.584662,1518.93259,1546.708441,1609.104674,1701.971136,1769.252435,1773.729771,1781.563317,1820.889304,1891.530388,2006.327881,2114.480315,2122.235592,2169.755807,2276.59573,2424.755845,
Burkina Faso,BFA,547.9151714,601.5015452,600.2564122,618.7524048,623.0491023,654.2616207,719.4563667,756.7321851,798.4742693,845.7668493,855.7447616,906.0727906,933.2403657,995.4642409,1037.231644,1128.295648,1198.756926,1261.982902,1339.245523,1348.005973,1394.2531,1472.715841,1550.630684,1620.205369,1672.023437,1704.859643,1772.848279,1866.514733,1984.884306,
Bangladesh,BGD,860.21051,899.1421235,948.2721469,994.6737327,1033.086949,1085.349904,1130.860059,1176.895726,1226.020893,1275.738234,1346.743205,1419.137782,1469.845761,1541.185923,1638.916165,1773.888588,1923.417573,2088.720935,2231.689464,2335.918717,2466.902949,2650.729933,2844.702565,3033.404632,3240.885623,3451.398507,3696.776193,3998.419424,4371.754986,
Bulgaria,BGR,7493.206899,7162.974001,6866.765558,6980.869912,7284.255361,7683.853685,6779.308032,5696.765277,6141.212577,5767.167926,6377.837474,6908.956055,7726.400977,8343.138854,9122.849554,10211.27988,11313.55081,12800.81668,14328.98986,14146.1069,14934.13274,15676.13334,16208.22043,16571.02876,17534.30326,18186.48723,19500.32945,20948.19428,21960.36994,
Bahrain,BHR,22786.05097,25491.20716,27107.71135,30554.78561,30371.76011,31420.32574,32448.98025,33099.13889,34002.2607,34685.45229,35763.21023,35689.48306,35551.58974,36338.58416,37461.93299,38492.09419,39170.68512,40300.17978,40565.77983,39422.3421,39740.61794,40168.32789,41753.10138,44273.42185,46331.98242,46911.96227,47215.78618,47660.71731,47303.04851,
"Bahamas, The",BHS,20120.34846,19565.53696,18882.62026,19028.99141,19700.16227,20668.90774,21643.23036,22206.17095,23253.1428,24976.2782,26238.18446,27102.45479,27812.35914,27482.05591,27956.38229,29258.70162,30326.45273,30996.4288,30299.92548,28760.51286,29099.05721,29503.70807,30656.13395,29977.73977,30482.19811,30696.33839,30863.26693,31155.14475,32087.72915,
Bosnia and Herzegovina,BIH,,,,,952.9039071,1208.231554,2364.760787,3257.328337,3809.619706,4225.42415,4547.97267,4751.117361,5136.520313,5373.142659,6200.620711,6479.660192,7406.347448,8188.589841,9028.865381,9030.464332,9347.583517,9976.479662,10304.01646,11016.58285,11433.16053,12013.9825,12824.03613,13735.0785,14623.67405,
Belarus,BLR,5429.321055,5542.852529,5113.892295,4826.324636,4357.753957,3999.324127,4200.594883,4780.387121,5265.243908,5546.145097,6027.325186,6483.761082,6962.798228,7644.927706,8809.526945,10005.93725,11409.2556,12781.80909,14409.22188,14580.5808,15927.8747,17166.69564,17807.41774,18298.84706,18949.88244,18389.74375,18098.42286,18915.93989,19994.80408,
Belize,BLZ,3262.195857,3688.808293,4158.325793,4448.496513,4459.119741,4464.989452,4467.048793,4537.058141,4580.641476,4869.777424,5437.384498,5658.088689,5873.411376,6369.457477,6669.721807,6873.415769,7214.467355,7297.398433,7484.370023,7403.044146,7555.204308,7694.355111,7886.901934,7913.061672,8179.45644,8371.374376,8242.629592,8352.944346,8648.0888,
Bermuda,BMU,26316.04395,26380.04639,27161.14858,28488.04617,29068.52928,30762.70948,31935.88484,33774.26287,35226.7199,36737.95886,40694.79221,44112.32699,43861.57041,45898.5812,47914.37378,49909.88091,53960.55659,56666.44157,58305.3793,55337.67603,55241.0749,54984.51039,53137.21507,52547.33309,,,,,,
Bolivia,BOL,2402.712724,2560.109653,2606.011168,2723.858298,2851.833502,2985.649937,3108.910438,3253.047509,3387.130919,3383.709596,3478.202471,3546.116063,3623.09177,3721.055939,3909.065039,4134.616513,4386.565455,4629.682798,4925.91967,5045.331273,5228.115329,5524.717798,5825.139985,6231.296345,6593.232982,6882.488916,7147.83921,7480.077141,7873.166243,
Brazil,BRA,6710.964526,6919.981067,6925.379871,7297.683777,7723.899622,8102.66855,8300.244709,8594.561343,8588.358096,8624.437256,9073.976905,9274.24759,9581.992836,9747.941038,10460.55063,11004.95618,11659.39278,12568.1979,13332.14386,13288.43548,14320.36869,15061.95319,15506.55426,16111.44268,16358.39077,15813.85544,15331.54852,15662.24047,16096.40096,
Barbados,BRB,9601.754308,9504.045613,9133.075839,9388.327618,9743.985691,10108.13402,10658.68025,11308.23332,11811.27544,11972.34158,12734.21678,12659.77483,12917.43431,13399.25767,13905.82076,14850.10279,16099.4947,16765.32442,17170.59085,16392.95742,16164.98116,16321.98342,16582.13009,16607.18236,16861.34651,17386.93959,17947.96334,18229.58768,18554.12928,
Brunei Darussalam,BRN,54959.66686,56957.04564,59315.49556,59221.62765,60713.3777,63092.95787,64468.37649,63095.77642,62020.90941,63432.25556,65305.76557,67184.3545,69510.20853,71514.39372,72549.22496,73930.4777,78411.6146,79631.19236,78670.55795,76961.8122,78907.87122,82502.9353,83725.42103,82263.49831,80782.0315,80177.75612,78134.66652,79789.48786,80920.04868,
Bhutan,BTN,1527.318005,1561.268532,1670.680164,1750.523298,1878.897652,2043.535699,2168.991473,2281.792061,2389.082202,2555.91735,2640.679535,2865.296749,3161.84584,3406.512427,3641.685222,3968.817637,4317.784502,5181.00986,5472.363625,5822.685951,6517.066344,7097.18994,7513.686888,7712.881979,8108.300979,8705.598204,9392.257873,9860.605042,10167.93406,
Botswana,BWA,5516.982749,5946.129686,6088.138275,6190.382225,6392.272416,6818.180804,7174.163728,7722.300075,7667.659791,8347.874331,8528.969125,8574.343766,9076.228393,9506.492466,9849.796995,10421.37193,11401.3476,12409.29787,13158.84871,12007.23239,12964.35144,13838.60282,14558.06641,16310.10289,17092.12224,16724.51778,17314.77444,17784.84904,18615.79334,
Central African Republic,CAF,637.673007,639.24786,595.1240085,593.8260264,618.1903624,658.1958458,626.7927287,654.7290067,676.6514145,694.6384334,676.8110417,706.6981799,728.1662565,687.3649048,733.3177346,748.1942658,791.9856238,834.5316894,852.9298062,919.4085589,962.2919722,1016.218552,1083.689925,699.5928807,710.8121645,744.7345426,780.9055326,821.2162029,859.9356196,
Canada,CAN,20173.93565,20160.72885,20557.46336,21367.20327,22555.69744,23401.87468,23962.49945,25167.51971,26220.26621,27745.80655,29265.08444,30107.65694,30853.20132,32225.05212,33796.9992,36211.0846,37999.0386,39439.80689,40275.9899,38797.38505,40012.3914,41569.44962,42189.19611,44188.73171,45645.5643,44567.86635,45011.64317,46723.31776,48130.25597,
Central Europe and the Baltics,CEB,7094.654527,6650.887166,6683.343473,6954.801114,7392.052673,7964.901691,8368.851192,8684.441967,9077.011375,9375.855786,9998.133467,10782.25744,11606.67435,12301.66286,13445.65139,14282.39703,15878.13511,17719.18489,19650.1993,19672.21067,20739.74609,22154.24909,22970.44874,23970.20777,24983.49474,26080.23562,27360.06805,29651.18951,31214.20902,
Switzerland,CHE,27594.63205,27915.47156,28226.22674,28596.95284,29343.63158,29902.5187,30542.05743,31812.49876,32918.55657,33814.11454,35754.54761,36778.01064,37718.28483,37713.3375,39170.03225,40572.26448,45106.41668,49746.38939,52584.72681,51769.03029,53067.72464,56183.82162,57849.57204,60108.52002,61902.12954,63938.98939,64323.92524,66395.85634,68060.94105,
Chile,CHL,4511.170059,4952.538507,5622.777359,6119.380168,6568.780825,7351.828808,8011.571183,8637.330741,8995.76512,8977.117402,9553.566623,9972.651027,10333.06363,10841.32389,11812.63501,12746.58339,15753.96299,16941.83598,16501.80692,16159.60523,18161.80392,20342.57092,21507.7074,22439.27836,22786.6556,22688.01003,22874.14942,24248.86076,25222.52778,
China,CHN,987.6411788,1100.814276,1270.296992,1463.801748,1671.200917,1872.606651,2074.36167,2281.443841,2464.186352,2668.230229,2936.287745,3227.419438,3553.923793,3958.471977,4449.561919,5081.049041,5867.796877,6847.069623,7615.029533,8352.689933,9303.7337,10355.49571,11328.28171,12361.39797,13446.40239,14454.99797,15513.27304,16782.20776,18236.61298,
Cote d'Ivoire,CIV,2132.102478,2127.063956,2093.992179,2065.448911,2054.857974,2173.948327,2309.184015,2361.960494,2432.562754,2438.286671,2378.610507,2376.207237,2321.401906,2283.588006,2324.958116,2387.621825,2443.851599,2498.335894,2553.838041,2596.897477,2618.31892,2495.495125,2747.900523,2970.202338,3211.099745,3444.4498,3665.550486,3921.713336,4207.086934,
Cameroon,CMR,1949.280614,1881.304376,1810.590723,1658.104401,1681.521961,1728.152257,1787.794433,1863.91245,1919.008934,1978.033283,2039.934284,2119.058927,2184.982452,2265.805853,2418.58814,2476.299312,2568.442478,2691.89729,2762.942018,2767.974836,2817.572722,2914.237667,3021.4092,3153.682358,3311.734005,3442.73448,3546.54456,3644.801096,3785.079978,
"Congo, Dem. Rep.",COD,900.0163607,821.3396262,723.14019,616.1099446,583.1345357,580.4480108,568.8692387,532.840563,517.997815,491.3203812,455.8150878,443.5747121,450.4504171,469.7704098,498.9798703,528.9747838,555.799958,586.9952654,615.0719745,616.6586194,646.2953953,682.007332,719.914259,768.6449157,829.3626456,867.0883574,868.6133562,888.67728,932.1720068,
"Congo, Rep.",COG,3454.245223,3557.620937,3632.298569,3581.36064,3361.735194,3469.89412,3581.491652,3517.61571,3584.683763,3441.354765,3677.147746,3790.96904,3914.89949,3906.125177,4028.312196,4337.194228,4591.995561,4483.926647,4663.011862,4886.383669,5214.502782,5353.804296,5518.967422,5667.595799,6017.671947,6089.839655,5833.995644,5614.398974,5662.063411,
Colombia,COL,5015.546448,5186.207756,5412.45975,5727.814571,6074.702868,6406.061853,6539.866367,6762.755772,6763.010234,6465.193665,6694.81285,6848.278541,7022.739601,7324.400853,7811.230086,8320.569299,9036.314249,9792.902952,10188.01706,10274.48986,10732.74905,11650.19949,12226.28584,12891.37931,13618.12436,14006.15358,14259.6093,14507.26125,15012.93027,
Comoros,COM,1674.552638,1590.333393,1714.471284,1756.240015,1651.298213,1698.591331,1661.112321,1711.188076,1706.963659,1720.001825,1900.656026,1939.276549,1967.64432,1998.168463,2042.269826,2114.657068,2183.490414,2206.559329,2283.896913,2318.430196,2376.538886,2465.324918,2531.037977,2627.3439,2668.895231,2664.270877,2719.296174,2812.034747,2913.387306,
Cabo Verde,CPV,1087.722637,1113.026593,1229.084715,1329.302131,1573.617554,1788.021678,1979.947083,2189.715987,2441.680365,2702.89912,3101.002514,3183.819402,3348.349609,3497.853193,3900.335986,4240.265086,4655.64533,5437.709911,5841.058767,5741.218207,5821.739805,6102.412164,6207.361424,6285.969823,6362.960401,6415.612462,6709.109916,7005.958684,7454.063917,
Costa Rica,CRI,5025.561226,5176.081213,5632.389804,6017.436804,6261.052379,6493.03982,6533.764943,6852.944809,7247.010945,7481.172756,7787.377759,8089.579389,8349.671125,8732.228946,9220.889154,9737.088813,10609.50688,11625.93049,12240.57907,12058.52382,12644.69665,13302.92828,14041.99378,14445.89836,15067.31118,15610.87955,16278.6019,16976.18742,17671.09535,
Caribbean small states,CSS,5930.407218,6211.766363,6493.589146,6795.561619,7065.166867,7353.525781,7680.198801,8002.878439,8269.70374,8672.794755,9143.378944,9486.903147,9949.76576,10737.21926,11432.07747,12151.1679,13352.91441,14092.37355,14501.98375,14001.53257,14273.0047,14623.85809,14979.85118,15311.64497,15560.61843,15811.35352,15549.41583,15701.59759,16187.11186,
Curacao,CUW,,,,,,,,,,,23271.89021,24497.70194,24953.45594,24969.86315,25256.10413,25558.82731,26084.51284,26910.08102,27683.25688,27566.0128,27559.19705,27907.86602,28168.83018,28115.0058,27941.56819,27947.82167,27679.64503,27626.64095,27743.07005,
Cayman Islands,CYM,,,,,,,,,63325.71994,62987.93461,62144.8997,61515.84102,61566.92107,62207.35227,62748.13144,67007.34676,70105.89991,72078.25335,71101.471,64698.99043,62158.60304,62861.18074,63666.6115,64546.38605,66497.01153,68131.32457,70049.98185,72607.57077,,
Cyprus,CYP,13327.69096,13525.60265,14736.88893,14829.18793,15711.12072,17069.64457,17297.51027,17778.82111,18758.50104,19662.68242,21291.43211,22871.52603,23556.26141,24252.82356,25921.20781,27763.21009,29984.36507,32849.77692,34830.3699,33891.67453,33421.04262,33313.53723,31834.49956,30375.21718,30042.81289,31722.36651,34379.46437,36875.12739,38513.28457,
Czech Republic,CZE,12659.85231,11595.61886,11787.73981,12061.94922,12673.35194,13752.51401,14583.43317,14730.61502,14906.39822,15324.10643,16190.80503,17554.48772,18189.23435,19426.08513,20799.15764,21956.38386,23776.48706,26124.89545,27844.79533,27599.30086,27667.4329,28797.41796,29047.24644,30485.71415,32263.31575,33691.42424,35230.52246,38019.58051,39743.59709,
Germany,DEU,19496.7874,21031.94889,21762.85505,21863.31176,22759.99775,23528.14888,24047.76137,24570.11241,25344.64585,26291.21108,27202.79337,28380.38412,29178.63747,29875.02793,31305.28794,31794.09601,34124.87427,36252.41196,37802.38743,36823.38028,38949.54976,42541.53109,43359.61483,44993.89275,47011.55109,47683.7886,49516.08269,52055.30995,53074.54012,
Djibouti,DJI,,,,,,,,,,,,,,,,,,,,,,2744.268655,,,,,,,,
Dominica,DMA,4320.712191,4529.867443,4715.758531,4911.881372,5003.498724,5259.135709,5534.324406,5780.245447,6101.676986,6242.865352,6549.08947,6687.479497,6584.450757,7106.074263,7489.875334,7751.066096,8342.414879,9100.901836,9934.093254,9889.384103,10068.0688,10249.89541,10328.73041,10397.44175,11054.63145,10857.20177,11236.95243,10649.41929,11129.86119,
Denmark,DNK,18215.50896,19044.46239,19794.11188,20197.84348,21655.93409,22661.04873,23711.01408,24925.79847,25813.63891,26653.8239,28662.09474,29449.6194,30640.34562,30786.24895,32908.68079,34150.15946,37295.65935,38968.5154,41278.32683,40339.67713,42999.61614,44403.38484,44803.96824,46726.85414,47901.44736,49058.50107,50877.44729,54282.54774,55671.16527,
Dominican Republic,DOM,3579.193224,3664.828134,4091.325661,4414.403569,4543.282581,4817.292293,5111.460783,5569.409244,5915.128614,6258.786434,6595.771906,6803.998794,7117.697385,7051.023517,7324.228267,8152.859622,9049.39913,9853.171718,10236.54484,10283.16147,11132.93764,11580.56878,11979.70226,12634.96457,13623.11821,14555.74119,15519.61682,16370.95618,17748.18532,
Algeria,DZA,6683.94251,6661.139592,6774.465962,6640.166811,6583.172604,6844.639633,7129.638422,7214.872707,7553.946588,7797.015071,8162.587573,8480.070459,8981.349267,9682.476035,10234.9309,11022.14747,11380.09442,11897.10382,12218.04739,12294.61249,12655.13741,13046.12851,13482.72112,13823.82823,14326.28301,14711.22085,15036.36415,15207.17915,15481.78762,
East Asia & Pacific (excluding high income),EAP,1442.176694,1581.833099,1759.38336,1962.647806,2181.951835,2410.347829,2637.762968,2829.56611,2853.594904,3032.056411,3295.111724,3552.649224,3851.210265,4221.389035,4676.257125,5235.225779,5911.191537,6734.512112,7375.894988,7925.710235,8725.224839,9574.184054,10408.33377,11260.59173,12147.65629,12973.81389,13841.67109,14901.09619,16113.5407,
Early-demographic dividend,EAR,2765.488453,2932.157999,3062.555524,3222.66641,3333.171149,3454.095473,3644.508743,3792.461554,3842.374428,3922.82347,4122.622963,4215.13293,4295.182857,4533.208604,4886.245556,5262.10921,5697.877096,6121.326961,6406.476519,6511.781311,6921.770351,7322.291207,7672.802406,8042.764359,8465.231701,8858.982785,9310.992004,9832.582256,10371.60394,
East Asia & Pacific,EAS,3203.655579,3448.687416,3672.069743,3911.8127,4194.282068,4509.335561,4827.003306,5079.546128,5079.309741,5316.195645,5716.416718,6013.606015,6385.851457,6801.526024,7382.317367,8033.165621,8820.133431,9753.849369,10380.94916,10782.69079,11705.41993,12595.7799,13472.39648,14411.23021,15283.38565,16136.07647,17011.72437,18108.20143,19329.7759,
Europe & Central Asia (excluding high income),ECA,6524.721226,6336.596376,5791.945909,5553.236198,5034.457335,5028.436261,5079.685668,5267.829853,5312.065554,5481.199632,6121.890196,6483.963187,6950.682153,7663.1696,8588.992459,9658.493778,11553.85911,12895.10965,14815.25736,14330.06687,15296.9439,17372.40528,18296.28423,19017.0427,19482.32448,19251.96079,19592.86613,20906.36067,21931.72445,
Europe & Central Asia,ECS,11606.61429,11895.98675,11923.28952,11989.31246,12204.31333,12684.54707,13116.11674,13688.1767,14205.14875,14753.10739,15887.0865,16690.30316,17490.97838,18141.63252,19261.67564,20307.4248,22474.1713,24083.21561,25738.78573,25026.93103,26070.69075,27865.1447,28589.4783,29595.83269,30357.72039,30851.99799,31768.48136,33620.43238,34702.55472,
Ecuador,ECU,4842.70098,5100.887735,5206.308021,5313.184848,5533.27229,5651.891043,5730.989219,5955.771123,6093.606525,5773.29451,5854.337577,6110.458846,6348.924913,6530.517214,7135.985853,7619.033946,8059.131304,8316.568167,8868.937591,8841.984389,9114.338328,9883.580029,10483.13413,11028.42904,11484.17161,11431.99158,11222.07849,11501.01029,11734.38739,
"Egypt, Arab Rep.",EGY,3827.27758,3911.345761,4090.918834,4221.970214,4394.281177,4601.444545,4821.409416,5071.02054,5307.041554,5598.32939,5971.668538,6199.410071,6327.810798,6528.675327,6852.14983,7249.452566,7839.842257,8471.343487,9091.000665,9411.304969,9814.298455,9982.845702,10172.98306,10340.54214,10601.16669,10938.86186,11294.24924,11742.05009,12412.3094,
Euro area,EMU,17006.07876,17966.07988,18544.11484,18764.88811,19572.69532,20419.19331,21051.89746,21913.90925,22960.55524,23840.94999,25319.12256,26505.96033,27535.03263,27952.96526,29051.41495,30076.70858,32500.33387,34385.21263,35709.63143,34794.94435,35768.84329,37435.67035,37801.921,38981.95612,39949.45202,41053.33332,42711.53742,45090.46101,46207.32351,
Eritrea,ERI,,,1053.043061,1233.397874,1540.971296,1628.684207,1818.464584,1997.287096,2045.085426,2046.168812,1977.56065,2121.702039,2124.888346,2009.73975,2002.327942,2037.792855,2013.889196,2042.664795,1838.043016,1888.61518,1921.43479,2102.95406,,,,,,,,
Spain,ESP,13664.44044,14449.38408,14843.10691,14960.26858,15569.57826,16262.45154,16958.07988,17910.87261,19096.2983,19954.29022,21587.25644,22958.76158,24371.59885,25018.36612,26119.79374,27606.93405,30688.36622,32438.17339,33263.2724,32098.97505,31680.18539,31867.97324,31720.12,32434.0032,33525.74063,34912.47613,36554.93455,38888.73547,39715.43906,
Estonia,EST,,,,5795.935102,5948.334447,6462.306689,6874.484544,7968.173845,8438.284079,8419.571355,9435.008551,10326.17942,11670.36527,13122.83916,14521.29779,16624.91204,19313.26424,22170.25226,22830.09032,20597.93347,21796.6101,24780.97878,26190.55295,27642.58537,29135.7044,29397.12984,30913.20512,33675.45771,35973.77646,
Ethiopia,ETH,424.823989,393.6859552,354.7678655,396.4717512,403.5779631,422.9777432,469.1491911,477.4863733,452.6620933,469.1280301,494.2873019,531.5337939,532.6266218,515.8733033,584.8968669,655.7866987,728.390516,811.0642774,891.2764327,950.5543294,1052.606672,1161.581434,1250.351222,1367.714144,1494.112052,1621.706726,1746.16277,1897.249077,2022.137961,
European Union,EUU,14810.28417,15481.41058,15947.91343,16180.79275,16921.8359,17724.77005,18320.31525,19059.08904,19959.99876,20738.04351,22069.49361,23169.06145,24178.35792,24669.34858,25829.2088,26802.47407,29083.33895,30991.10706,32479.88698,31808.78901,32846.84409,34463.41533,34933.98244,36083.60133,37072.67856,38222.59527,39807.68992,42187.13463,43398.9481,
Fragile and conflict affected situations,FCS,1854.56305,1457.636122,1553.129509,1659.218399,1703.011556,1755.451244,1868.050335,2014.55455,2249.279469,2406.633601,2458.938951,2528.331613,2491.320124,2338.860019,2702.681471,2904.929806,3133.906938,3313.509317,3490.115499,3598.581036,3794.578481,3590.686801,4025.291925,4170.812109,4200.987199,4242.61843,4455.619875,4560.668302,4665.188533,
Finland,FIN,18139.28789,17544.61898,17248.92076,17449.5559,18449.30434,19556.54644,20062.17354,21792.21748,23576.56558,24767.28067,26788.40847,27807.31978,28605.12232,29019.3104,31173.32308,32051.794,34419.38065,37801.78453,40083.69727,37980.06516,38953.3576,40916.83858,40873.09533,41493.14165,41757.40219,42535.47517,44015.52992,46735.41074,48416.93603,
Fiji,FJI,3823.297024,3810.163588,4084.347603,4210.820865,4457.222581,4605.403386,4858.688602,4782.822621,4854.09044,5316.663953,5312.128363,5517.36059,5774.530237,5934.624538,6403.401963,6618.784842,6892.836695,6947.961986,7078.627366,6965.538944,7202.758363,7520.373655,7758.218769,8262.957312,8882.388365,9372.542337,9670.841001,10329.43879,10879.47846,
France,FRA,17624.23797,18309.47206,18931.86995,19175.31268,19972.17932,20745.45823,21331.45043,22241.4129,23359.05849,24307.49879,26094.25256,27501.54241,28523.88573,28141.4614,29034.00071,30498.57929,32434.86026,34088.36008,35095.26296,34685.1738,35900.04557,37440.63863,37679.12178,39523.85395,40141.58548,40833.24207,42047.28724,44255.94164,45342.39574,
Faroe Islands,FRO,,,,,,,,,,,,,,,,,,,,,,,,,,,,,,
"Micronesia, Fed. Sts.",FSM,1770.813987,1917.509028,1987.121983,2146.326421,2136.947406,2302.246057,2253.197662,2149.976173,2241.770188,2314.52735,2489.404148,2604.705446,2663.933614,2759.388483,2753.504963,2910.789014,3018.000788,3069.169281,3080.07978,3154.792793,3265.692825,3422.28921,3388.224899,3276.300421,3215.174418,3354.508395,3380.737346,3497.917541,3553.061455,
Gabon,GAB,12690.81935,13546.78876,13068.4785,13538.78752,13968.57192,14588.71407,15006.94945,15740.316,16066.72342,14483.9213,14182.23034,14453.96722,14301.43243,14537.38852,14655.94539,15106.77815,14708.23376,15549.51322,14863.56838,14514.77299,15190.41441,16011.1245,16536.56596,17116.34365,17548.27129,17819.55959,17839.8973,17762.40864,17875.76115,
United Kingdom,GBR,16698.34176,17022.74234,17428.60116,18248.57016,19312.1769,20522.31375,21851.84823,23039.9478,23637.00282,24414.68532,26407.20992,27756.81263,29068.59386,30261.57769,31964.59597,32668.22632,34767.00114,35600.00779,36660.19256,35003.49742,36340.73387,37161.49069,38311.84608,39971.02536,41259.00094,42509.88817,43543.58783,45378.99774,45973.5735,
Georgia,GEO,5413.801063,4384.984272,2452.121955,1761.137699,1636.677897,1780.09171,2090.211504,2426.512392,2593.3911,2762.575882,2932.733288,3190.188485,3448.844072,3927.811153,4293.788083,4883.042305,5536.086757,6433.362023,6737.558439,6599.447428,7145.520193,7897.696255,8627.623156,9122.490656,9699.506341,10081.43513,10480.96562,11191.33618,12004.57383,
Ghana,GHA,1233.450597,1304.193067,1346.184553,1404.239791,1440.860349,1490.846873,1547.236299,1599.077926,1651.749846,1706.995692,1765.935336,1831.441011,1897.129518,1983.476478,2098.15671,2234.201454,2387.358547,2492.897985,2703.302627,2784.138279,2964.43112,3368.800837,3664.600153,3909.669523,4006.186475,4044.413369,4135.645,4457.355846,4746.684995,
Gibraltar,GIB,,,,,,,,,,,,,,,,,,,,,,,,,,,,,,
Guinea,GIN,871.4993282,898.6766032,923.6258375,967.1192728,1000.307833,1040.636789,1078.174231,1123.7414,1148.028121,1179.884875,1208.548507,1253.416761,1312.646354,1327.887063,1368.553326,1424.147685,1453.004181,1558.614436,1617.117614,1574.663204,1632.386304,1721.451359,1817.852602,1880.238514,1940.634943,1986.353057,2167.282392,2369.51917,2504.869745,
"Gambia, The",GMB,1588.889697,1630.394563,1665.500505,1701.04199,1687.013113,1684.669834,1700.158354,1759.159907,1785.309471,1868.138298,1952.907589,2045.715869,1947.272525,2052.939391,2186.559451,2134.310336,2121.13587,2178.153538,2290.386246,2389.549038,2484.669168,2261.049017,2352.808421,2389.253928,2328.650876,2376.478914,2377.042244,2464.773716,2612.000995,
Guinea-Bissau,GNB,1060.093141,1126.131272,1138.412281,1163.546456,1200.057043,1252.688658,1395.430972,1482.824633,1057.733385,1063.04957,1122.741789,1147.826788,1129.327752,1130.831277,1165.917433,1224.222269,1259.812383,1303.724633,1338.110142,1358.998261,1401.692456,1506.695312,1469.805044,1503.745886,1506.589514,1574.461164,1648.438332,1734.714909,1799.067891,
Equatorial Guinea,GNQ,660.4531105,654.4732927,872.9035297,959.2113951,1103.726326,1276.825369,2085.749488,5099.984998,6131.703914,7503.834839,8703.661456,13945.636,16236.60098,18069.89933,24525.86524,28241.92807,29941.85897,33840.551,38790.90398,37820.95481,33294.6535,34622.11627,36576.09043,34180.71153,33542.76508,29592.37967,26232.13378,24532.952,22743.82443,
Greece,GRC,13291.05198,13997.42897,14306.92255,14327.03177,14851.09236,15408.69221,16129.25314,17154.12998,18033.51768,18464.7321,19518.90751,20963.56036,22615.93565,23870.1601,25437.26843,25577.52408,28519.53894,29291.92369,30856.01183,30365.39993,28148.42242,26141.31959,25284.46408,26097.8719,26838.45523,26902.52532,27273.93458,28579.79453,29592.15242,
Grenada,GRD,4696.942267,4916.476639,4949.543591,4913.704819,5045.988209,5212.394025,5504.275939,5847.250876,6578.648633,7105.378067,7589.576807,7568.456451,7922.895537,8802.265578,8951.282111,10423.86032,10283.79525,11179.3058,11475.72783,10764.51396,10788.98952,11040.10948,11054.58487,11436.02581,12424.06768,13280.98243,13844.14347,14654.86644,15557.54504,
Greenland,GRL,,,,,,,,,,,,,,,,,,,,,,,,,,,,,,
Guatemala,GTM,3310.022035,3465.056495,3629.280599,3771.759655,3915.656915,4100.385342,4202.790221,4363.091746,4530.221158,4666.097747,4830.764001,4935.712795,5086.550786,5188.204053,5368.507328,5585.650725,5928.026112,6327.75499,6516.890988,6458.253034,6576.668609,6844.540528,7031.531311,7264.853827,7552.717983,7788.497934,7955.320011,8166.857467,8462.374008,
Guam,GUM,,,,,,,,,,,,,,,,,,,,,,,,,,,,,,
Guyana,GUY,1865.863808,2042.615322,2238.825699,2461.013317,2710.951096,2897.909787,3187.813397,3456.042437,3455.367314,3628.774053,3673.79935,3847.739042,3955.084199,4001.162701,4169.794786,4213.389641,4562.465789,5013.018452,5209.1518,5428.762167,5706.200768,6106.967371,6523.258263,6935.122921,7302.406982,7565.799719,7865.450609,8142.576098,8640.73737,
High income,HIC,18204.9284,18989.03696,19752.59106,20347.81686,21320.63102,22243.72737,23215.18515,24269.87719,25090.08769,26111.64621,27755.05417,28659.19016,29590.4725,30570.90481,32263.17586,33833.25668,36012.83267,37767.1074,38702.17771,37695.14887,39091.19585,40697.95572,41846.03827,43314.0743,44581.0875,45831.411,47015.70317,48929.99014,50630.96212,
"Hong Kong SAR, China",HKG,17504.3572,18970.19454,20439.88957,21843.22835,23129.50163,23701.05653,24070.37478,25520.76856,24087.86072,24810.04848,27068.81009,27613.41243,28388.88501,29858.75065,33071.36409,36461.38319,39949.13935,43300.43427,44813.10793,43949.60279,47123.34339,50085.95933,51344.50705,53649.88933,55781.77367,57235.19123,58755.32006,61713.41554,64596.56385,
Honduras,HND,2081.50666,2022.001608,2132.5862,2260.388599,2249.112306,2370.0345,2389.196007,2470.289401,2515.099693,2462.669637,2628.424519,2686.72693,2759.212445,2865.039618,3049.733773,3256.300176,3493.06359,3723.884307,3871.469391,3726.826149,3832.54541,3984.497267,4150.265868,4263.120157,4398.096634,4536.135356,4683.126696,4916.723792,5138.752457,
Heavily indebted poor countries (HIPC),HPC,992.2006879,1002.46829,988.1453804,991.8300142,986.0092166,1025.58597,1068.789003,1103.333965,1123.706378,1146.285683,1172.937516,1217.64827,1242.207203,1285.836232,1355.634326,1442.386151,1535.642914,1636.766821,1722.845616,1763.040575,1839.381684,1911.89919,2004.264402,2099.711177,2196.52486,2265.704458,2335.353033,2437.007118,2530.644477,
Croatia,HRV,,,,,,7961.202558,8685.089591,9463.796423,9785.114789,9843.817633,10601.6383,11613.48393,12647.63913,13550.17297,14534.45224,15303.86262,17431.30471,19354.98219,20776.44815,19998.68469,19761.48491,20743.50638,21136.4033,21769.27996,22062.0257,23013.62205,24511.89485,26351.90704,27579.78083,
Haiti,HTI,1337.982425,1381.622932,1312.318405,1246.468568,1100.060529,1211.630151,1261.641549,1294.569082,1314.146455,1345.487696,1363.804198,1355.931003,1351.106112,1358.553498,1324.113894,1367.599877,1417.629644,1480.52853,1498.199674,1532.1101,1478.736255,1569.198158,1621.371471,1695.141608,1750.202933,1766.044239,1787.159403,1818.606695,1866.617589,
Hungary,HUN,,8312.416773,8244.563238,8400.85142,8845.213743,9177.965928,9340.325252,9823.814155,10397.93316,10873.24786,11854.81987,13213.44527,14526.38826,15464.17155,16228.92055,17073.55143,18342.71523,19045.80841,20696.72857,20678.06831,21569.89008,22894.34764,23148.12788,24498.17916,25604.98821,26668.04088,27171.15945,29159.12645,31102.50275,
IBRD only,IBD,2872.31952,2956.549401,3041.659008,3207.527918,3338.988537,3508.960452,3716.942449,3916.318587,4004.998452,4165.975625,4450.626543,4664.902078,4897.089212,5230.451276,5734.105724,6281.666006,7014.622544,7759.745755,8378.320421,8633.229486,9317.682587,10083.15585,10706.13267,11318.72336,11931.44242,12408.75818,13026.66217,13860.35428,14749.82774,
IDA & IBRD total,IBT,2573.365955,2644.665882,2714.617635,2846.066788,2948.928154,3089.317335,3262.340629,3423.580345,3495.121504,3624.91765,3857.150715,4034.266715,4226.79309,4498.643848,4913.711717,5364.596633,5957.991755,6558.632887,7049.846788,7253.033224,7792.375405,8389.37862,8878.292225,9365.684624,9851.757594,10217.63376,10681.30052,11319.9769,12003.29627,
IDA total,IDA,1364.669379,1397.581416,1421.518899,1428.680425,1434.359397,1477.931832,1536.241623,1572.298315,1602.235983,1638.823959,1703.108039,1774.544496,1856.260974,1942.269319,2083.12003,2239.974407,2400.230408,2564.048859,2686.773803,2780.675305,2911.526915,3033.713738,3168.779613,3340.854326,3517.016288,3627.906511,3715.755037,3871.705107,4059.557395,
IDA blend,IDB,2061.233695,2118.458958,2179.854264,2170.29182,2184.611017,2228.300783,2310.308585,2337.374668,2366.434177,2397.641782,2485.548644,2571.711271,2728.019412,2851.152083,3082.454426,3313.574855,3539.879646,3755.78716,3890.789245,4027.612092,4193.168822,4376.973084,4552.136563,4782.654423,5029.338542,5172.738392,5232.508828,5384.441433,5614.24668,
Indonesia,IDN,3001.912768,3260.806861,3492.262885,3745.182789,4048.527165,4404.661347,4764.205674,5000.951712,4331.496757,4367.431885,4620.547598,4827.438785,5055.355834,5323.104507,5664.893913,6091.922453,6534.07551,7041.486994,7510.100118,7813.090106,8284.501294,8859.139998,9444.948401,10009.66548,10570.19504,11063.06221,11604.52525,12279.18328,13079.6193,
IDA only,IDX,992.9225395,1012.603686,1015.542009,1033.458231,1034.913437,1079.907487,1126.060329,1168.15737,1199.120619,1239.772836,1292.186619,1357.388707,1398.870747,1466.426052,1559.78274,1678.364703,1804.757987,1942.268998,2059.936195,2130.762579,2242.841627,2331.347781,2444.9445,2585.757341,2723.947516,2817.383172,2921.947122,3082.516503,3249.854407,
Isle of Man,IMN,,,,,,,,,,,,,,,,,,,,,,,,,,,,,,
India,IND,1236.671208,1265.917481,1338.664595,1407.473802,1503.745417,1620.175387,1741.084404,1808.708364,1906.7799,2067.740994,2156.689919,2270.718563,2354.2651,2544.112251,2774.420858,3039.128698,3331.592127,3628.001338,3757.289184,4026.380833,4360.15405,4624.561404,4909.584076,5252.272397,5682.731285,6133.887015,6634.844574,7168.992484,7762.88177,
Not classified,INX,,,,,,,,,,,,,,,,,,,,,,,,,,,,,,
Ireland,IRL,13738.26598,14393.94598,15110.71462,15806.03556,17005.58515,18937.55551,20479.16734,22625.57673,25059.45945,26995.26129,30177.82788,32546.09148,35212.09472,36237.77128,38669.20414,40437.77458,44204.9969,46759.71484,44283.73011,41621.71832,43295.01791,44855.3247,46256.56888,47897.29166,51067.97671,69056.04604,70522.22592,77596.35505,83203.39468,
"Iran, Islamic Rep.",IRN,7374.558729,8373.035838,8641.606758,8797.162671,8722.596439,8982.461774,9488.517338,9569.414143,9758.726812,9856.574398,10533.52478,10713.58315,11528.77068,12611.46551,13355.14302,14045.20849,15023.08444,16501.97427,16681.79497,16791.05888,17767.50221,18400.90629,17149.73922,17202.3003,18101.7763,17817.63647,20150.32226,21011.28831,,
Iraq,IRQ,7498.159832,2713.696494,3577.504745,4632.516812,4766.883126,4819.553143,5282.533208,6315.379861,8349.808791,9659.249609,9717.658254,9861.520265,9055.551154,5999.130991,9255.53032,9738.639139,10840.81758,11098.13138,12040.24597,12287.72965,12884.90384,13693.97637,15320.88647,16133.56524,15950.19629,15981.31509,18085.87647,17519.05422,17435.85393,
Iceland,ISL,21984.38665,22415.69892,21876.37537,22459.29709,23561.59166,23953.39102,24784.37838,26910.43627,28688.22922,29523.19154,29710.55155,31775.15843,32524.02325,32619.35874,35608.06946,37233.19629,39093.95196,41160.23651,43318.35275,41905.36603,39576.97124,40767.23641,41926.34194,44157.55246,45714.89381,48728.09936,52582.29385,55322.09013,57303.06078,
Israel,ISR,15171.30224,15909.49313,16939.09649,17580.71256,18796.82975,19919.46754,20755.23334,21415.61805,22052.41543,22584.93854,24931.03887,24918.00428,25224.87874,23821.5451,25224.36448,24831.44992,25678.71429,27487.84462,27433.06349,27501.29414,28861.93991,30539.96337,31693.91787,34145.7126,34212.94449,35436.81087,37463.19908,38866.1107,39919.16965,
Italy,ITA,18608.78827,19520.55791,20118.29565,20406.8418,21286.60236,22359.98275,23029.50003,23873.34492,25020.65862,25602.38947,27076.1868,28045.44843,28736.57711,29164.59527,29527.79094,30130.64446,32419.93615,34108.20429,35523.27131,34610.03145,35155.66806,36598.01497,36486.29679,36314.6971,36194.87392,36909.32837,39178.4,41200.02872,41830.42633,
Jamaica,JAM,4738.035258,5094.354174,5265.469088,5841.966046,5990.279625,6198.663359,6243.561341,6217.364831,6081.819331,6177.902467,6318.642619,6495.147003,6684.32279,7014.854567,7257.340316,7508.988192,7918.879434,8206.866186,8257.870394,7920.231105,7853.974864,8112.12923,8170.129002,8306.755236,8473.743427,8595.88659,8763.300248,8974.33982,9326.664059,
Jordan,JOR,4128.381269,4120.939357,4728.468626,4794.784592,4897.953131,5103.478549,5143.970206,5276.781173,5389.845599,5555.438647,5815.873532,6142.842663,6476.612526,6724.043386,7300.219009,7879.095022,8443.677235,8983.913039,9369.884496,9471.843568,9306.488797,9235.879132,9151.732473,9093.010015,9123.978709,9089.006864,9092.954278,9241.513754,9478.904588,
Japan,JPN,19561.20174,20849.01768,21451.67413,21792.33548,22402.26643,23409.64029,24515.11628,25146.20043,25074.05769,25325.70726,26838.69136,27472.54712,28160.10761,28924.68216,30348.04197,31663.4531,33090.19626,34501.50901,34798.7659,33198.61611,34986.99454,35774.69671,37191.38595,38974.07949,39179.15561,40396.24321,41118.07804,41958.96216,42797.45852,
Kazakhstan,KAZ,8468.793605,7743.565658,7505.476087,7022.865021,6360.671033,6066.914068,6303.644137,6625.206765,6686.911048,7033.284878,7918.947004,9200.784457,10261.83496,11386.11323,12726.39944,14268.33754,16101.83296,17801.14353,18519.2511,18392.88499,19685.35171,21276.93402,22407.98331,23823.88613,24924.37021,25123.31799,25314.86554,26490.84377,27879.75195,
Kenya,KEN,1523.7385,1545.981858,1518.752665,1511.865463,1536.919553,1590.038219,1637.861643,1626.998436,1652.544939,1668.271251,1669.318817,1722.772066,1712.506831,1747.464545,1835.481863,1950.28767,2081.164298,2221.122812,2207.642032,2235.680111,2385.992645,2515.927471,2610.737996,2740.02864,2867.10191,2988.073282,3121.830489,3258.154499,3467.556478,
Kyrgyz Republic,KGZ,2254.800682,2113.198659,1839.820917,1591.790461,1299.700888,1242.51567,1334.99823,1471.056057,1496.050869,1549.927982,1650.785503,1759.989812,1771.185889,1910.77178,2074.835594,2111.757152,2219.185786,2449.999653,2681.893434,2746.972069,2733.079268,2920.60321,2921.603783,3232.128754,3356.983448,3453.360746,3567.812684,3733.606138,3884.708809,
Cambodia,KHM,,,,1150.285942,740.1297815,804.1239173,841.3389302,865.2669966,892.1317992,995.4598384,1101.815794,1185.433252,1259.813705,1368.700893,1525.928724,1754.171137,1971.563042,2198.292175,2355.903624,2340.558567,2470.704155,2658.062552,2860.146734,3073.318143,3300.61675,3513.82356,3742.958793,4019.679985,4360.854404,
Kiribati,KIR,1261.458411,1281.253495,1302.957749,1328.54606,1363.135527,1372.863024,1400.433936,1425.134521,1509.900051,1482.397588,1583.087611,1567.041215,1624.565342,1658.863228,1644.954584,1744.974858,1758.459498,1800.754894,1756.730343,1745.986907,1716.059227,1749.233461,1837.991938,1921.614459,1917.627413,2110.117273,2210.850719,2227.920995,2293.920333,
St. Kitts and Nevis,KNA,10181.75938,10299.1541,10897.7138,11787.88499,12531.00611,13336.01796,14237.99997,15334.98644,15301.13904,15877.40242,17734.62004,18898.42789,19424.95332,18861.59023,19903.88922,22257.62821,23359.95826,23754.90841,25570.31248,24685.25821,24033.32038,24766.19605,24461.13248,25999.0328,27910.15016,28261.41206,29137.82185,28869.68919,30207.79021,
"Korea, Rep.",KOR,8273.406045,9345.822855,10044.19063,10875.12437,12008.47377,13299.16144,14433.0009,15406.22038,14621.29968,16392.80863,18082.9548,19168.21512,20775.10514,21376.76617,22936.81163,24196.42385,25820.97163,27822.27653,28655.98352,28325.2093,30365.27837,31228.5107,32097.164,32615.77259,33587.5834,35760.73444,37142.8329,38824.11539,40111.77576,
Kuwait,KWT,,,,,,59810.88601,60485.3054,59975.52572,58721.77862,54891.17974,56067.05908,55831.35461,57502.26456,67935.05515,75549.67174,83521.9999,88482.98358,91290.71514,89916.47335,79265.59307,73817.97698,78021.67168,80209.81453,78399.24717,76703.31167,75042.14197,75689.27575,71695.56421,72897.56235,
Latin America & Caribbean (excluding high income),LAC,5916.955561,6228.513841,6422.460149,6966.45404,7325.534651,7431.10263,7703.701317,8109.257317,8249.794119,8235.67759,8601.426246,8709.585418,8739.754789,8952.762398,9627.781372,10241.96967,11057.761,11848.63371,12493.6423,12292.11698,13046.65768,13886.95022,14365.85395,14840.89465,15156.88574,15155.39686,15156.15439,15604.96578,16017.99609,
Lao PDR,LAO,1108.386981,1162.146195,1220.949237,1289.509022,1389.640805,1483.871257,1581.560406,1685.647476,1739.771698,1861.014285,1979.537838,2105.342745,2230.725003,2373.963598,2553.684695,2776.517672,3056.927319,3321.339336,3589.502001,3823.692269,4130.547187,4485.181127,4863.791732,5267.284644,5689.82855,6075.952799,6473.243696,6942.238417,7439.59936,
Lebanon,LBN,3623.301987,5370.690693,6074.965236,6527.670426,6874.467165,7206.501581,7980.554427,8096.717458,8407.338254,8361.1002,8448.529729,8632.385929,8654.47792,8672.163654,9091.163179,9366.765445,9688.656235,10860.92089,12102.83681,13286.61257,14111.19139,13841.53501,13610.88835,13309.01995,13049.03296,12695.41014,12693.56418,12813.86955,13081.10746,
Liberia,LBR,,,,,,,,,,,1048.694769,1063.610813,1094.849374,765.7607838,791.8993006,837.6613236,901.3154509,974.9193196,1021.823984,1041.945486,1078.946046,1154.40937,1234.280819,1329.049283,1328.913111,1309.269565,1269.886223,1293.415934,1308.629536,
Libya,LBY,,,,,,,,,,16706.12671,17437.0857,17230.91106,17060.31866,19326.376,20406.82756,23181.26796,25053.9574,26958.63336,27825.07083,27474.49038,28890.36545,11096.15636,25080.96838,21929.50351,16870.48513,15403.57322,14964.52288,19056.8043,20764.16414,
St. Lucia,LCA,6250.980005,6395.139133,6973.164784,7097.449724,7279.909217,7470.479765,7726.277044,7697.430817,8159.436604,8390.061886,8486.854699,8300.631416,8402.606913,8860.384636,9682.614003,9845.841882,10644.30463,11005.98965,11614.16662,11384.55596,11428.51171,12049.20936,12168.57838,12078.36362,12416.87345,12520.76322,12990.80775,13505.45477,13881.37213,
Latin America & Caribbean,LCN,5970.196069,6290.597906,6510.63483,7052.988682,7421.266425,7555.124969,7845.721089,8268.481823,8430.028262,8430.460943,8808.172833,8938.313443,8981.18127,9210.35916,9915.327514,10544.1804,11430.60135,12239.52873,12855.82097,12648.63474,13438.05948,14320.89745,14831.73181,15329.58656,15654.73684,15661.93512,15674.98005,16156.20469,16590.22225,
Least developed countries: UN classification,LDC,893.3917887,915.364099,920.8912072,923.051753,928.603921,976.0416903,1023.930816,1064.273356,1092.077951,1129.431646,1179.141647,1240.185824,1289.127068,1352.067277,1447.217195,1573.831625,1705.14094,1850.150177,1972.005726,2038.564714,2145.354881,2221.762326,2325.893618,2448.865945,2572.910826,2650.399936,2728.232875,2857.675589,2995.447758,
Low income,LIC,932.3972785,939.2492809,907.5447609,905.1905992,905.5326636,936.2612097,972.3308632,999.1876854,1016.389521,1041.883543,1070.447646,1118.759347,1142.256498,1183.806776,1255.012941,1340.907912,1419.147664,1508.637175,1586.554667,1638.534094,1729.033452,1774.898389,1833.558538,1932.019348,2029.215229,2057.381785,2095.551678,2184.874577,2287.806888,
Liechtenstein,LIE,,,,,,,,,,,,,,,,,,,,,,,,,,,,,,
Sri Lanka,LKA,2344.671738,2505.107564,2644.605926,2863.712968,3059.694845,3268.850512,3431.796636,3693.748221,3891.084691,4095.248635,4410.987735,4406.600002,4616.969352,4940.196264,5304.427424,5764.132459,6344.939228,6906.996548,7407.324792,7674.350942,8328.90662,9155.658792,10171.42447,10618.20208,11250.30924,11830.69575,12359.34586,12878.58867,13473.66309,
Lower middle income,LMC,1825.847916,1874.740318,1938.285067,1982.818656,2047.47334,2155.163052,2282.735346,2366.657681,2373.087625,2481.131033,2601.490447,2728.870612,2846.382968,3027.382365,3272.300132,3541.646138,3843.313592,4157.549764,4358.967655,4546.747562,4838.153864,5104.081459,5386.547403,5704.051442,6056.980528,6385.857221,6741.405472,7166.048595,7655.137875,
Low & middle income,LMY,2517.223465,2589.889004,2655.4083,2783.339792,2881.452488,3015.699625,3183.053788,3337.854007,3404.647296,3532.289049,3760.590188,3934.979746,4123.25388,4392.288437,4799.677893,5247.203635,5825.820718,6415.033306,6900.392715,7102.484442,7629.587182,8213.142226,8696.664871,9179.875805,9664.154347,10026.31459,10488.83226,11115.41974,11793.53738,
Lesotho,LSO,843.071504,911.5471371,974.9384642,1010.41716,1070.737363,1106.996894,1168.39443,1211.421932,1225.541072,1235.414162,1303.543534,1377.59123,1413.615276,1514.086085,1590.942832,1705.716887,1837.356205,1980.900154,2155.306978,2215.177375,2378.563578,2578.639634,2767.67561,2857.768834,2972.012946,3062.068836,3170.578608,3132.495534,3219.457157,
Late-demographic dividend,LTE,2856.188738,2952.878562,3016.485277,3192.934709,3375.508696,3603.751031,3822.36894,4053.807042,4164.520973,4373.506583,4751.742992,5072.11194,5444.459805,5915.311143,6530.993022,7236.483641,8237.190369,9269.01778,10209.04084,10608.22185,11537.75018,12702.98415,13621.59315,14497.9114,15330.12418,15955.48804,16689.0103,17812.90106,19073.35995,
Lithuania,LTU,,,,,,5924.033348,6379.408099,7069.96175,7763.001308,7821.640887,8457.608774,9451.636523,10494.35179,12067.65917,13031.50054,14526.0824,16484.59202,19095.43677,20744.12753,18145.85292,20039.01002,22823.91839,24645.56909,26680.03416,28156.13581,28823.81289,30334.19087,33314.74037,35461.3591,
Luxembourg,LUX,29664.79513,32875.59926,33784.86985,35557.60211,37194.51922,39635.72375,41343.73163,42846.10545,44396.52913,50627.92776,55348.89874,55894.80455,58771.50927,60039.29874,64051.55593,68220.06448,77951.36474,83981.73587,86693.89512,82278.19739,85613.58661,92005.01684,91622.17742,95590.5387,101297.5757,103750.7751,108165.7614,110589.1924,113337.4205,
Latvia,LVA,,,,,5399.533143,5491.329936,5778.977931,6467.472906,7048.004597,7390.374605,8015.685601,9018.397415,10052.62273,11010.88527,12199.16411,13836.84355,15745.10313,18127.15673,19466.14509,16924.03115,17587.34596,19789.4764,21291.1197,22692.85344,23844.22612,24830.93429,25875.98735,28115.34769,30304.8525,
"Macao SAR, China",MAC,26204.0332,27301.74427,30879.10987,32541.81461,33953.07893,35091.22719,34872.92685,34671.84294,32784.50988,31792.78852,33616.33289,34526.36757,37283.94641,41356.41236,52527.87894,57164.45169,65257.00934,75063.00432,77472.77793,77417.84569,95951.96228,116456.9567,126618.3727,139962.1749,137832.9615,107069.5956,105577.6662,116370.7403,123892.1664,
St. Martin (French part),MAF,,,,,,,,,,,,,,,,,,,,,,,,,,,,,,
Morocco,MAR,2545.871185,2770.948826,2725.623708,2722.172776,3024.580204,2876.256361,3243.969395,3204.383674,3430.203441,3473.500068,3574.843324,3873.407176,4009.185551,4276.012573,4547.823685,4787.233945,5243.914739,5509.929878,5879.26095,6099.692766,6324.152955,6703.876831,6940.434737,7278.362142,7507.240831,7822.968048,7885.837651,8267.345841,8611.709833,
Monaco,MCO,,,,,,,,,,,,,,,,,,,,,,,,,,,,,,
Moldova,MDA,,,,,,2310.225278,2218.704727,2302.638031,2177.095541,2137.493306,2235.878102,2429.72802,2666.845803,2903.817694,3210.597016,3567.570266,3862.678175,4094.912562,4508.754038,4275.933379,4637.516516,5012.742008,5079.416347,5637.502408,6035.022647,6082.841894,6424.371154,6858.891958,7271.641919,
Madagascar,MDG,1251.136354,1176.911754,1182.512215,1199.430107,1187.525857,1195.769519,1205.602851,1232.232603,1254.791305,1290.918093,1340.131271,1407.821118,1211.285973,1314.210686,1378.740509,1443.840549,1517.271503,1608.135453,1700.21266,1599.214903,1583.036118,1596.89409,1631.312329,1652.671039,1693.795099,1718.597532,1758.845163,1813.515493,1891.320668,
Maldives,MDV,,,,,,5696.443866,6134.846975,6645.267189,7099.579616,7505.064081,7800.490466,7472.464508,7924.279814,8923.529345,9448.786658,8242.991429,10452.27422,11296.00956,12303.97044,11177.85596,11720.52813,12486.44691,12496.42826,13039.04792,13622.88572,13546.05023,13931.36278,14523.99637,15307.72194,
Middle East & North Africa,MEA,7749.910006,8059.717277,8475.88542,8694.710465,8866.147496,9047.04029,9453.413634,9740.144062,10145.38675,10304.48819,10920.79108,11104.60671,11277.43873,11815.5355,12855.57862,13607.47621,14507.89546,15346.4509,15983.81721,15907.77444,16559.28134,17079.95723,17691.54663,18110.99083,18585.6686,18877.15572,19756.56365,20096.90388,20712.43251,
Mexico,MEX,6498.917137,6883.346958,7185.821943,8555.64056,9014.381915,8482.613062,9076.087735,9712.091271,10173.16543,10448.8234,11089.81343,11129.86896,11187.47762,11482.44959,12085.7618,12657.63719,13808.17762,14290.06724,14924.82175,14558.24481,15260.62055,16520.25851,17162.92752,17373.89702,18045.98446,18284.88284,18783.16158,19423.92769,19844.64567,
Marshall Islands,MHL,1998.490655,2019.487136,2175.209914,2332.731841,2503.293204,2752.430594,2510.273844,2392.896969,2404.482403,2405.38236,2476.246796,2668.129428,2760.841073,2710.465424,2757.248092,2866.939653,2946.295217,3093.465138,2934.230051,2995.234351,3252.367857,3285.582535,3258.500774,3425.601546,3443.028342,3519.218145,3585.710747,3780.93897,3989.037658,
Middle income,MIC,2657.664681,2737.362019,2812.128725,2952.905103,3061.55187,3207.566877,3389.320824,3558.309155,3632.631844,3772.933458,4023.210724,4214.145904,4422.672345,4718.999305,5165.637442,5656.443662,6293.453734,6943.15614,7481.021796,7709.214069,8294.051321,8946.472562,9487.995529,10026.71006,10568.27138,10982.11721,11508.83453,12216.2633,12983.19953,
North Macedonia,MKD,5527.681462,5369.849517,5143.629145,4883.574347,4905.911371,4949.077345,5083.553091,5219.037651,5435.754777,5703.950666,6127.035274,6028.860911,6305.372185,6502.651099,7080.110143,7759.701569,8584.853586,9242.973203,10418.05514,10914.42066,11273.857,11611.25115,11839.61687,12653.59655,13368.14674,13831.22799,14813.35745,15298.95193,16358.66205,
Mali,MLI,826.7915224,934.6138255,902.6909548,928.5429976,958.102147,961.3748446,1021.214235,1061.285545,1124.829717,1174.121366,1166.376271,1335.566578,1357.257746,1462.478263,1477.634673,1571.587683,1639.719328,1685.393542,1741.249136,1777.690079,1836.816217,1877.892828,1842.686602,1863.367757,1974.217655,2053.128574,2131.589703,2221.757886,2316.6552,
Malta,MLT,9338.486641,9985.532731,10582.44536,11206.09823,11979.6153,12916.18686,13675.07142,15130.21069,15868.63158,16962.2056,19425.71188,19621.34454,20561.69408,20937.60382,21401.14407,22232.48289,23223.97713,24893.20115,26193.18285,26139.50818,27809.1065,28585.82045,29437.16903,31080.26838,33391.11068,36195.56319,38347.86857,41510.28901,42581.09786,
Myanmar,MMR,473.8636016,480.2529696,532.1541028,571.0858596,619.7681011,668.7409165,715.8812561,759.5566271,802.7528875,892.3254411,1025.710408,1154.626473,1300.795797,1494.384325,1727.868284,2007.514098,2322.057579,2653.118882,2963.697788,3280.274594,3613.019143,3864.959768,4193.132339,4587.086831,5005.999653,5372.241161,5709.871361,6172.392649,6674.028647,
Middle East & North Africa (excluding high income),MNA,5257.833714,5204.783011,5440.002732,5592.742204,5666.442823,5820.117145,6150.954661,6350.707699,6733.629961,7008.349251,7365.486975,7565.06032,7802.85078,8014.772558,8727.469711,9243.973234,9880.058769,10579.32419,10985.48173,11158.08891,11672.24487,11637.70618,11941.64965,12144.2443,12427.76456,12478.38396,13343.38173,13752.40842,,
Montenegro,MNE,,,,,,,,,,,6002.627014,6773.144226,7100.282774,7332.728503,7835.159297,8313.65688,10447.90074,12447.2825,13816.61796,13024.77202,13634.99696,14472.45826,13863.88105,14870.22694,15371.1069,16337.25379,17866.47225,19355.01984,20689.98675,
Mongolia,MNG,3324.141434,3090.018337,2835.195526,2785.947157,2884.132559,3108.459064,3210.214439,3364.981053,3486.756517,3614.154884,3704.257383,3861.572885,4068.489678,4388.534427,4930.358646,5387.888859,5949.514034,6644.628515,7270.048778,7119.208251,7530.75353,8853.125419,9939.570296,11068.45656,11925.8134,12100.12735,12140.84709,12791.57934,13799.90485,
Northern Mariana Islands,MNP,,,,,,,,,,,,,,,,,,,,,,,,,,,,,,
Mozambique,MOZ,,324.6360462,300.9789673,327.3411883,342.4329064,345.1363376,379.151098,417.8391769,452.973568,500.4774708,504.0740388,561.2486948,605.0869388,639.6857231,688.3647277,735.376635,808.0249408,869.4162049,925.1805404,964.3353336,1010.752656,1078.208603,1146.642098,1213.929695,1291.74681,1354.391906,1381.315497,1418.485398,1459.698413,
Mauritania,MRT,1817.595525,1863.591541,1892.181003,1998.653887,1928.858683,2108.362723,2215.147748,2108.306783,2136.261159,2274.681928,2255.10044,2288.067066,2275.961576,2388.844886,2521.691232,2753.877366,3277.513188,3362.484972,3366.393023,3260.58864,3356.361346,3483.522101,3646.727568,3822.312546,3993.317015,3937.947108,3940.244577,4023.499238,4150.965246,
Mauritius,MUS,4919.358427,5254.268304,5649.181371,6005.304328,6298.430036,6648.798495,7076.123807,7512.876731,7974.459915,8195.953286,8977.839746,9407.27454,9643.218155,10329.29675,10997.50266,11473.50702,12338.18105,13334.33017,14274.27438,14820.49866,15612.29342,16561.77098,17421.14502,18282.22808,19290.69193,20162.99668,21151.24777,22355.19052,23750.98804,
Malawi,MWI,484.6257673,533.6409359,501.3078043,561.5102108,512.9053956,605.132247,649.5296751,669.612175,684.362339,695.4614631,703.1408641,665.8978472,671.3882915,705.6155993,745.1582906,773.116299,811.5953094,888.2018943,947.2435231,1004.660758,1055.49399,1097.942135,1107.97055,1152.848569,1207.29441,1220.229587,1230.416571,1269.644595,1310.995555,
Malaysia,MYS,6850.467599,7552.844003,8197.667959,8994.020079,9784.926785,10698.85039,11682.30246,12431.50422,11355.61354,11931.65829,12973.90027,13037.70037,13670.03764,14437.40671,15522.70405,16531.59892,17632.1306,18872.82195,19787.69915,19283.45231,20605.20111,21806.82279,23105.07529,24279.37169,25875.50267,27116.57626,28246.75055,30025.17655,31782.15336,
North America,NAC,23518.2716,23925.57999,24935.29691,25888.86991,27185.04989,28167.07602,29373.53514,30837.84946,32200.60104,33849.23057,35642.46317,36445.05371,37319.5583,38782.74712,40935.60564,43338.50324,45483.55425,47137.56381,47585.67853,46281.4953,47630.90574,49058.92453,50666.43223,52215.94354,54092.87647,55578.09015,56608.44707,58594.47232,61303.19065,
Namibia,NAM,3707.439304,4023.68578,4293.274922,4219.477728,4282.99465,4442.703585,4568.757392,4744.820265,4859.974512,5003.161166,5203.03658,5293.947383,5550.438276,5806.673404,6594.173668,6861.588443,7442.555097,7911.929266,8130.123186,8067.700206,8500.097148,8959.515893,9427.082267,9955.453108,10598.66867,11160.37964,11200.42787,11104.41938,11101.82628,
New Caledonia,NCL,,,,,,,,,,,,,,,,,,,,,,,,,,,,,,
Niger,NER,579.4986877,594.676687,550.1401817,552.4105688,567.0860662,573.9088947,583.7138839,589.0550458,634.8457891,617.8396809,600.6752781,633.9734318,639.4484554,661.008422,654.7420992,679.7015488,713.6738644,728.0355856,783.1968713,754.2540731,795.6828256,799.258376,876.2759995,902.6625995,951.1605867,964.8380788,984.6831336,1012.859196,1063.421841,
Nigeria,NGA,2180.914504,2205.866119,2301.841093,2251.352546,2202.096926,2191.388807,2267.989714,2316.484771,2343.897217,2332.662979,2442.50098,2578.21048,2945.251781,3139.679071,3433.443947,3672.153889,3909.120916,4167.553703,4417.395066,4682.435935,4981.358232,5213.837194,5392.096403,5698.166678,6009.989453,6072.477295,5882.98734,5887.573078,5990.850432,
Nicaragua,NIC,1929.123689,1946.67862,1954.338333,1949.024481,2013.539585,2133.68554,2267.037579,2354.854102,2428.010163,2593.901267,2718.03664,2817.618872,2842.900823,2927.856377,3123.423668,3313.09333,3506.683287,3732.018183,3881.592411,3730.984825,3887.787537,4163.256335,4458.726178,4697.737392,4950.081248,5174.972123,5400.248939,5687.231512,5533.551064,
Netherlands,NLD,19145.38619,20116.46425,20768.30901,21378.21433,22346.11718,23409.69474,24484.18112,26014.33343,27708.5133,29268.5361,31875.23602,33194.04609,34447.20532,34111.80335,35777.15324,37625.56171,40971.26076,43896.7387,46420.20168,44566.0619,45040.31808,46599.02103,47272.10302,49241.51784,49233.2154,50302.06775,51338.57326,54503.08193,56328.94114,
Norway,NOR,18432.49795,19550.27114,20591.34107,21550.32066,22991.94589,24322.90897,26791.39258,28605.66293,28185.93428,30555.04906,36941.60093,37780.10051,37980.35398,38550.95539,42511.17645,47797.52995,54104.28927,55876.50392,61716.59971,55375.57628,57915.01937,62076.74066,65354.77925,66961.2531,65892.68928,60385.11676,57744.27451,62012.40776,65510.58527,
Nepal,NPL,770.9613269,825.9444512,855.9546296,885.4690835,953.0553585,981.8166081,1028.549625,1075.047213,1096.960448,1139.558852,1214.984044,1279.532443,1281.411281,1337.483006,1418.660868,1494.627788,1571.99503,1649.306356,1765.030528,1844.102817,1946.058721,2052.547197,2196.118851,2333.145473,2520.689553,2621.766575,2641.971128,2874.983331,3089.556352,
Nauru,NRU,,,,,,,,,,,,,,,,,,3816.38273,5203.830851,5670.057531,6470.453571,7339.304367,8056.696421,10451.93901,13273.48365,13104.48037,13982.20157,15039.31757,16504.25793,
New Zealand,NZL,14863.60432,14566.0315,14917.76347,15960.70477,17092.40631,17907.65303,18464.03309,19137.32333,19343.05871,20579.36592,21521.70657,22500.47759,23306.27954,23967.42075,25080.47246,25677.41908,27758.16574,29385.89572,29860.52773,30699.66202,31253.0536,32734.53667,32986.18289,36219.42401,37260.6294,37475.17836,39122.54213,40438.57095,41005.42087,
OECD members,OED,16682.13346,17318.30186,17948.50624,18565.93231,19405.28458,20203.04192,21099.02461,22070.21949,22852.43706,23764.8913,25237.99078,26024.33346,26848.65064,27622.55717,29085.71901,30459.05589,32469.03153,34031.30645,34900.60237,33982.28715,35247.87046,36707.45905,37698.8917,39016.25287,40169.9652,41321.40507,42379.5574,44202.23048,45623.90308,
Oman,OMN,22739.72191,23862.08158,25265.22375,26251.01075,26861.42648,28065.3392,29023.42652,31122.83565,32274.60114,32655.63556,34986.15382,36916.87265,36454.36055,35363.22896,35891.78174,36938.61607,39020.84471,40649.82056,43309.56224,44291.07489,44408.58742,41942.12056,43436.87778,42862.89365,41950.78764,41911.08648,42375.54543,41563.63827,41859.93448,
Other small states,OSS,,,,,,,,,,,10736.4667,11304.53674,11844.74949,12384.52784,13717.65966,14677.62887,16518.91374,18271.77078,19721.8193,19913.65668,21348.95705,23023.18244,23819.66822,24501.02062,25120.43334,25554.35886,25918.99758,26472.76437,27067.52837,
Pakistan,PAK,1983.002405,2092.958455,2242.209007,2272.332411,2342.064525,2440.610608,2532.653451,2528.826396,2548.877342,2607.203953,2706.43252,2750.394675,2815.116141,2936.770126,3164.243422,3433.223613,3670.481818,3862.100588,3914.611952,3966.565219,3988.656725,4094.527112,4228.513001,4398.38123,4593.96424,4762.296721,4975.654395,5241.938741,5567.055608,
Panama,PAN,5097.454419,5646.975273,6121.183994,6473.319476,6661.825734,6780.32417,7040.641248,7470.840283,7946.943362,8211.458455,8454.716158,8522.941831,8683.41252,9044.711519,9802.658752,10636.88888,11691.26125,13202.65612,14523.04302,14554.83079,15311.02913,17099.81883,18806.56302,20111.95122,21167.17679,22237.09305,23195.81113,24472.00985,25553.69671,
Peru,PER,3409.302983,3530.681308,3522.120812,3723.090461,4191.260161,4511.593898,4636.047521,4930.387876,4879.816854,4943.311768,5115.127919,5193.024653,5500.92409,5778.612059,6171.598136,6705.08808,7365.736619,8140.979682,8984.079457,9078.556657,9869.070416,10626.07713,11400.33573,12169.12008,12561.24545,12944.82234,13403.44727,13771.45995,14418.07067,
Philippines,PHL,2604.517106,2611.225974,2615.236127,2669.247977,2779.624576,2902.436693,3057.485347,3198.505359,3145.17373,3217.647206,3361.325849,3459.885946,3566.98384,3736.355692,4013.774343,4255.375298,4531.986252,4877.472739,5093.578334,5106.399206,5468.305507,5689.760941,6081.936667,6514.667171,6930.764463,7313.409805,7784.136699,8340.331331,8951.085654,
Palau,PLW,,,,,,,,,,,9889.832612,10598.36141,10995.73072,10787.8029,11595.39035,12495.8879,12837.98701,13626.28261,13433.88251,12979.86799,13411.10076,14527.31939,15168.30838,15245.61141,16195.01252,17977.53101,18256.89903,17865.79081,18510.21566,
Papua New Guinea,PNG,1439.246666,1592.12728,1811.505768,2141.998176,2264.382142,2182.968138,2337.5373,2229.462977,2117.058986,2136.043338,2081.455362,2079.355108,2066.013058,2106.823758,2176.646249,2335.161838,2477.993252,2678.298445,2656.864455,2791.714611,3039.786236,3069.758098,3206.196245,3318.804769,3763.077879,4081.298247,4209.043662,4353.283357,4336.244657,
Poland,POL,6175.624299,5915.540589,6183.525121,6549.983615,7029.081372,7664.955029,8254.577353,8922.235627,9471.440494,10022.39536,10652.90829,11101.97471,11781.05635,12257.14487,13341.1,13895.92354,15142.18487,16787.97025,18310.44321,19246.44868,21048.33052,22850.63885,23833.2097,24719.24751,25612.25783,26856.03522,27735.35085,29922.20498,31336.6035,
Pre-demographic dividend,PRE,1652.207153,1456.153914,1496.714627,1501.542833,1493.881518,1526.864222,1601.971421,1688.071957,1805.309178,1879.00929,1923.666761,2002.095126,2078.518154,2027.348615,2299.996065,2455.772329,2637.466672,2799.277847,2962.215748,3048.895993,3187.988522,3310.32687,3471.687754,3638.133809,3767.703114,3819.812211,3894.830069,3919.523689,3985.944915,
Puerto Rico,PRI,14423.78702,15147.64829,16095.72512,17097.75899,18025.63291,19063.85934,19640.50272,20760.35557,22028.15917,23432.96923,24672.33756,26748.01329,27384.78362,27890.78341,31141.05605,31518.4847,32150.48833,32821.89961,33036.52581,32816.94611,33229.92303,34195.65107,35286.05921,36207.67954,37053.7532,37715.36186,38383.03576,39006.3906,39540.58693,
"Korea, Dem. People?s Rep.",PRK,,,,,,,,,,,,,,,,,,,,,,,,,,,,,,
Portugal,PRT,11761.71728,12719.90995,13161.73668,13182.13574,13557.00873,14384.1787,14902.59772,15787.04721,16686.79023,17718.15157,18879.28669,19533.0661,20356.6473,20827.98424,21458.27674,22725.27749,24657.10482,25708.24619,26665.8373,26464.31081,27259.7661,26769.51189,26438.0163,27936.03966,28742.44038,29668.8592,31043.56386,32777.40197,33415.4379,
Paraguay,PRY,5147.915471,5366.971588,5443.412266,5705.610834,5991.90864,6383.427958,6452.948608,6691.473294,6625.911697,6491.843206,6353.237862,6313.615515,6292.121243,6565.983676,6896.878338,7146.774004,7600.70403,8111.137929,8674.8955,8601.540165,9541.371804,10016.77037,10015.48605,10898.44902,11486.94437,11807.77259,12287.98588,12971.68385,13599.92656,
West Bank and Gaza,PSE,,,,,2321.697074,2427.924586,2392.840124,2668.891591,3007.949074,3220.687463,2934.99453,2651.48523,2297.572335,2600.928833,2872.854417,3199.431134,3087.761911,3294.411027,3465.978728,3695.023886,3937.239913,4405.778573,4656.126176,4728.009206,4697.286797,4799.105387,4967.187882,5117.754563,5157.568578,
Pacific island small states,PSS,2673.161492,2704.074073,2867.210111,2964.39245,3119.289072,3249.030292,3374.21278,3335.299726,3392.294091,3596.883586,3594.299891,3686.158,3790.418328,3889.099311,4118.590262,4277.619819,4451.69905,4551.334305,4653.616485,4558.13375,4687.494899,4906.171306,4997.048539,5190.167324,5441.802743,5659.376835,5823.109935,6100.47862,6330.82474,
Post-demographic dividend,PST,17872.41726,18552.81633,19182.68902,19690.34713,20560.37125,21448.5738,22357.39965,23362.21449,24164.12271,25216.29859,26805.94282,27762.27842,28727.50382,29642.92471,31242.71473,32767.7336,34872.53508,36581.41349,37491.87437,36485.58812,37773.21256,39204.53582,40244.68906,41669.57759,42846.08241,43943.7996,45125.47124,47055.58117,48705.20745,
French Polynesia,PYF,,,,,,,,,,,,,,,,,,,,,,,,,,,,,,
Qatar,QAT,,,,,,,,,,,86169.39432,88138.42244,92091.2766,91451.60854,101329.4787,97768.57115,107541.4558,109362.5076,111255.9944,108953.6771,117518.7009,124024.5682,122674.7237,122495.788,123308.2023,123822.0833,123573.6308,124609.3041,126898.4259,
Romania,ROU,5272.16847,4787.769304,4508.103292,4691.848966,4987.703698,5420.671702,5738.184636,5563.51226,5544.244675,5596.462179,5848.885376,6521.415379,7162.335654,7551.604779,8982.101337,9602.126199,11544.68273,13686.83097,16782.2321,16635.2298,16966.46061,17907.67463,18931.5325,19797.37887,20623.32437,21631.77015,23868.0692,26631.87948,28206.35705,
Russian Federation,RUS,8010.381893,7845.757295,6855.502699,6416.870203,5737.193871,5613.282955,5517.86213,5699.949698,5465.059767,5914.341489,6825.406038,7361.3838,8037.499482,9254.560297,10226.78475,11822.3709,14912.2453,16648.24467,20163.61168,19389.94213,20490.12944,24310.04397,25784.56716,26240.2745,25751.51414,24061.09937,24072.27793,25766.92881,27588.12544,
Rwanda,RWA,561.8209842,582.597707,666.7964522,671.1547958,359.857678,505.3100502,563.1073981,610.8281225,619.9934493,609.0338558,637.9898128,681.7397558,765.6584963,784.935105,853.7919406,945.5541673,1054.465817,1136.486959,1253.996633,1307.068325,1383.013387,1486.655474,1606.102664,1669.971866,1762.105585,1890.203675,1973.146966,2078.052755,2251.556388,
South Asia,SAS,1276.960318,1316.714653,1393.826735,1457.031864,1544.815828,1651.915484,1761.108152,1821.539764,1906.628621,2044.003679,2134.106501,2232.814753,2310.082793,2478.720848,2691.437521,2940.490147,3210.32677,3481.129075,3606.765757,3833.44162,4112.321118,4351.006502,4614.423625,4915.528422,5288.857306,5671.434013,6097.572772,6562.46707,7084.490975,
Saudi Arabia,SAU,27709.39272,31887.13321,32913.51944,32334.66216,32387.04553,32381.92139,33142.06889,33430.0527,34123.05843,32634.68326,34440.70584,33886.43082,32527.4347,35787.18204,38515.94714,40726.05788,41927.62125,42654.27419,44945.32113,43119.88439,44498.67574,48473.70921,50491.5474,51188.96364,52550.79246,53897.94398,54159.79239,53693.3697,55335.67959,
Sudan,SDN,1143.53876,1238.572707,1315.621383,1372.150398,1378.917578,1453.2842,1526.142468,1670.77186,1714.977359,1745.100593,1845.523341,1953.48384,2053.798124,2191.622001,2273.597495,2450.7385,2702.901009,3011.096455,3220.329656,3262.020338,3327.142295,3643.092161,4152.156101,4306.149338,4397.809343,4551.996918,4703.856808,4880.261517,4767.689827,
Senegal,SEN,1507.67839,1551.262517,1559.16636,1570.355814,1559.202954,1633.060228,1654.03607,1693.692663,1771.699982,1867.220846,1923.982135,2007.413896,2003.101585,2123.433736,2251.253122,2389.98818,2458.169034,2579.774467,2664.229276,2667.307426,2718.906572,2739.335655,2854.119263,2903.740826,3067.034049,3205.894499,3351.536617,3556.137758,3782.538613,
Singapore,SGP,22655.11867,24286.78147,25705.58507,28598.32339,31448.46549,33390.07703,35086.41501,37384.43701,35740.22735,38026.44922,41662.74367,41000.41843,42886.18105,46342.2965,51612.82421,55809.70032,60745.45587,65230.10844,64230.63596,62873.49475,71565.99973,76034.33406,78978.82285,82881.407,86611.51359,89007.4608,91452.04273,96552.60261,101531.6302,
Solomon Islands,SLB,1221.941509,1301.90128,1458.650228,1509.100973,1635.921633,1757.265627,1767.771708,1723.504541,1725.436455,1694.652191,1445.486229,1323.152188,1271.979025,1344.055352,1411.468426,1497.183034,1611.374058,1735.89457,1853.137465,1737.972509,1832.831573,2064.595803,2142.507048,2185.868783,2216.265053,2235.826964,2271.613915,2337.642672,2422.819533,
Sierra Leone,SLE,810.1181546,851.5159759,705.4856233,735.3014956,739.6555338,695.6926899,719.3999565,685.2001631,697.8469653,681.3313251,723.1020523,667.3971627,820.5143366,872.2546754,913.9100037,947.9151529,985.790854,1064.550355,1116.993886,1135.631121,1183.330094,1255.453038,1440.997449,1730.996317,1803.863023,1416.366137,1486.044851,1544.42929,1601.974029,
El Salvador,SLV,2927.952216,3030.727831,3271.941005,3496.505453,3690.626839,3899.674349,3960.390733,4114.237901,4233.048663,4351.604337,4466.055172,4573.706426,4691.691143,4827.613517,4977.067139,5246.379551,5614.58149,5847.272164,6088.377821,5981.526531,6152.394745,6492.63255,6773.622435,7014.692142,7236.117362,7453.429732,7686.143937,7972.782895,8331.804142,
San Marino,SMR,,,,,,,,49484.34428,53243.62824,58209.82959,60124.60568,64038.2942,64432.43081,67251.79035,71286.91179,74272.13113,78463.94477,85274.41008,87290.42012,75725.33716,72075.29692,65725.56752,61073.15924,59430.98471,59290.9167,59697.44342,61250.86378,63037.12578,,
Somalia,SOM,,,,,,,,,,,,,,,,,,,,,,,,,,,,,,
Serbia,SRB,,,,,,4880.095567,5095.071628,5570.887042,5792.437289,5181.047189,5726.130474,6137.796738,6800.877215,7197.871716,8064.492325,9181.692585,10198.61081,11225.36244,12632.1427,12536.50405,12797.32427,13746.92668,13933.83821,14629.07053,14659.54058,14922.13735,15615.23211,16433.44975,17434.91613,
Sub-Saharan Africa (excluding high income),SSA,1718.319862,1735.847454,1724.724942,1706.613494,1714.192284,1760.866734,1836.385527,1885.645616,1904.052405,1924.523381,1983.586291,2063.569163,2172.778238,2251.47457,2402.160849,2562.597327,2729.701316,2910.59023,3047.68188,3093.502025,3223.595898,3350.823168,3461.734652,3609.03118,3755.603884,3811.929676,3810.984025,3889.143024,3985.118728,
South Sudan,SSD,,,,,,,,,,,,,,,,,,,3166.742744,3203.157961,3286.872034,3094.906841,1653.130666,1858.641006,1920.627626,,,,,
Sub-Saharan Africa,SSF,1719.344018,1736.915269,1725.887558,1707.861824,1715.419263,1762.06917,1837.638809,1887.0603,1905.579589,1926.061365,1985.14037,2065.070064,2174.266901,2252.846136,2403.475277,2564.05013,2731.306962,2912.381081,3049.39669,3095.157755,3225.323047,3352.703186,3463.618896,3611.014815,3757.662207,3814.062822,3813.193649,3891.441058,3987.503987,
Small states,SST,,,,,,,,,,,9908.134164,10399.18737,10898.31247,11468.09382,12597.29492,13462.77764,15073.32687,16525.676,17697.84629,17755.27441,18900.65675,20249.80368,20941.97539,21550.10434,22100.14036,22510.68134,22770.47268,23258.75826,23836.72369,
Sao Tome and Principe,STP,,,,,,,,,,,,1605.192121,1638.861593,1743.923678,1819.323373,1961.42077,2147.582509,2213.778856,2372.815429,2382.691649,2507.202712,2612.010147,2689.201204,2813.153487,2997.322455,3086.025098,3189.251813,3312.727969,3418.58693,
Suriname,SUR,6759.85989,7040.959817,7098.734231,6663.218639,6922.467725,6959.714663,7056.418734,7487.882759,7650.803286,7561.280327,7799.400009,8207.121207,8469.853249,9063.396066,9981.176965,10630.65723,11453.18223,12219.65847,12824.43343,13159.25969,13841.41492,14788.068,15303.70159,15851.99662,16018.08688,15472.9779,14622.05054,15002.41986,15510.46464,
Slovak Republic,SVK,,,7165.046519,7459.435184,8059.669845,8684.070425,9395.439653,10085.08241,10622.84743,10714.17713,11378.14219,12391.15318,13312.20331,14165.4041,15212.45963,16639.39412,18894.40435,21201.85853,23725.85776,23085.33289,25152.7642,26049.79238,26933.42222,27967.1723,28991.56583,29924.12155,30824.59619,32243.84951,33736.40094,
Slovenia,SVN,12360.48416,11633.87779,11265.43868,11888.54922,12804.07227,13606.56378,14290.03343,15281.20213,16055.78462,17083.25123,18003.72503,18956.12075,20241.52542,21088.99236,22740.22061,23852.64328,25693.73095,27543.4917,29604.29123,27543.39118,27824.64807,28931.38371,29042.82027,29973.69911,30870.02367,31636.75003,33191.67387,36142.79094,38048.78466,
Sweden,SWE,20218.56338,20522.40267,20625.56899,20558.34943,21685.19395,22905.30836,23740.60473,24640.20672,25706.46126,27293.21407,29453.55155,29770.04484,30751.20665,31583.04807,33608.73327,34029.19029,37435.37573,40592.8002,41971.61205,40156.41031,42179.33712,44503.67324,45304.41571,46138.45457,47045.64635,48975.00451,49423.21647,51878.6944,53208.88436,
Eswatini,SWZ,3655.331297,3741.533306,3851.265667,3970.123194,4061.141975,4256.247032,4411.845185,4541.116992,4632.511929,4769.010511,4905.545477,5025.168164,5299.747508,5587.107921,5925.264297,6449.37007,7005.219336,7465.187626,7619.630479,7742.410725,8073.511731,8370.819097,8930.862562,9373.003028,9565.531582,9810.545675,9953.995477,10249.51169,10637.84173,
Sint Maarten (Dutch part),SXM,,,,,,,,,,,,,,,,,,,,31831.67673,33410.67883,36340.24464,36245.90974,35356.26954,35547.70212,35050.42282,34568.38463,31776.40604,,
Seychelles,SYC,9225.468909,9671.049624,10551.28346,11234.0437,11082.8742,11058.06624,11642.20996,13104.88479,14087.80844,14275.56893,14684.04361,14652.49076,14611.1608,14165.73618,14184.8837,15870.28455,17520.16314,19764.54473,19280.3927,19137.3887,19948.41572,22556.58257,23051.79171,24412.8862,25594.10396,26546.40585,27672.51882,29062.26285,30557.07572,
Syrian Arab Republic,SYR,,,,,,,,,,,,,,,,,,,,,,,,,,,,,,
Turks and Caicos Islands,TCA,,,,,,,,,,,,,,,,,,,,,,19845.63099,19315.78149,19541.63676,20862.89067,21958.80232,22809.20614,23873.42061,25370.73354,
Chad,TCD,719.8190101,782.2507915,836.9536078,699.3901517,761.5436281,761.4028942,766.1920666,795.7545338,831.126014,807.8928128,789.0857645,866.9534573,919.30299,1033.579668,1365.774154,1593.191325,1595.093799,1635.096706,1661.636622,1688.082282,1875.557261,1852.938156,1988.064823,2067.796467,2179.247741,2191.741795,2012.817316,1929.472752,1968.258262,
East Asia & Pacific (IDA & IBRD countries),TEA,1457.916176,1599.104235,1778.635602,1984.183417,2205.939161,2436.863009,2666.754147,2860.595333,2884.801097,3065.138518,3331.012877,3591.335921,3893.148167,4267.360653,4727.176096,5292.171888,5975.366075,6807.449207,7455.543491,8011.038644,8818.901912,9676.71589,10519.51389,11380.56528,12276.7457,13111.33015,13987.95821,15058.09493,16282.93743,
Europe & Central Asia (IDA & IBRD countries),TEC,6516.116604,6322.306311,5852.580256,5668.712908,5239.682303,5293.485871,5399.334356,5636.076871,5728.06701,5929.852085,6566.383937,6941.132876,7432.373737,8125.530107,9065.238563,10086.07587,11926.1642,13299.00916,15178.62653,14812.69935,15836.4234,17875.27319,18796.4525,19527.28345,20023.7849,19924.45735,20316.68722,21703.27469,22758.66419,
Togo,TGO,842.6164438,845.1566505,812.5668043,691.6739263,794.2365474,852.6449909,918.3564155,1035.838161,991.0417463,998.4027733,983.1198991,961.3663774,942.5333391,982.3464571,1004.334487,1020.978317,1065.777629,1089.696751,1125.033908,1164.346278,1216.508967,1286.470497,1360.257545,1430.525333,1504.32208,1566.994218,1630.600506,1691.534408,1773.896632,
Thailand,THA,4317.519756,4788.440906,5240.478916,5754.843413,6289.816358,6874.04216,7314.035685,7150.099886,6598.523725,6919.688538,7312.810698,7659.243252,8190.496026,8875.774031,9621.585542,10270.27254,11039.84209,11885.80937,12261.4599,12207.96845,13213.31474,13537.48834,14727.14305,15318.63674,15694.33668,16293.6098,16961.26557,17917.20689,19051.33338,
Tajikistan,TJK,2375.937064,2232.531784,1591.207891,1339.655562,1060.544112,934.2515345,780.759937,795.7335517,834.9309165,865.0769203,943.1371819,1039.08812,1150.196263,1276.807012,1420.907352,1533.305278,1658.496929,1798.807199,1938.442493,1986.596247,2094.538959,2245.785335,2404.805181,2567.785701,2726.507194,2851.709486,3006.511141,3216.580702,3449.779316,
Turkmenistan,TKM,5396.954295,5174.721476,4372.848453,4417.915732,3637.048434,3370.003997,3593.732366,3188.550922,3407.70712,3979.815388,4243.798539,4477.728363,4514.82698,4702.340206,5019.026996,5786.876112,6539.938877,7366.385083,8499.066211,8955.280706,9738.983107,11212.4865,12469.88011,13726.37238,15144.54545,16011.55121,16895.47613,18032.22196,19304.10131,
Latin America & the Caribbean (IDA & IBRD countries),TLA,5941.420264,6261.023498,6476.736141,7018.799896,7383.599705,7509.136735,7797.529414,8215.995617,8368.751518,8356.072934,8727.970333,8843.647055,8881.614391,9110.019617,9800.707206,10433.92587,11326.51806,12140.30149,12762.78715,12556.00537,13352.70893,14240.95759,14750.83321,15249.57546,15573.69078,15577.57319,15587.6428,16072.41806,16510.95875,
Timor-Leste,TLS,,,,,,,,,,,2597.769954,2844.860899,2628.765818,2577.720358,4232.660492,5791.984039,8277.114781,8774.681105,9655.649098,8981.084925,8821.211793,9860.331546,10369.38916,9216.474857,6833.300502,8177.850186,8168.746991,7416.223344,7658.434996,
Middle East & North Africa (IDA & IBRD countries),TMN,5284.488729,5232.067696,5469.534447,5624.225403,5699.561262,5854.406129,6189.932605,6389.65012,6773.14947,7048.72527,7413.21342,7618.504271,7863.323137,8074.647953,8792.723277,9311.832874,9957.018439,10662.51949,11072.17525,11244.8315,11762.83905,11722.82171,12027.89441,12232.54445,12520.35739,12570.80949,13444.77858,13857.24918,,
Tonga,TON,2321.4358,2549.149842,2609.620497,2766.727517,2960.1186,3126.627153,3174.378732,3213.319953,3323.627061,3486.321463,3665.902526,3860.989502,4034.236903,4171.913068,4242.379484,4413.484858,4474.59379,4365.824859,4553.276725,4669.997988,4889.298528,5151.454825,5339.532136,5313.805671,5567.035411,5849.717335,6092.258366,6321.606933,6419.561778,
South Asia (IDA & IBRD),TSA,1276.960318,1316.714653,1393.826735,1457.031864,1544.815828,1651.915484,1761.108152,1821.539764,1906.628621,2044.003679,2134.106501,2232.814753,2310.082793,2478.720848,2691.437521,2940.490147,3210.32677,3481.129075,3606.765757,3833.44162,4112.321118,4351.006502,4614.423625,4915.528422,5288.857306,5671.434013,6097.572772,6562.46707,7084.490975,
Sub-Saharan Africa (IDA & IBRD countries),TSS,1719.344018,1736.915269,1725.887558,1707.861824,1715.419263,1762.06917,1837.638809,1887.0603,1905.579589,1926.061365,1985.14037,2065.070064,2174.266901,2252.846136,2403.475277,2564.05013,2731.306962,2912.381081,3049.39669,3095.157755,3225.323047,3352.703186,3463.618896,3611.014815,3757.662207,3814.062822,3813.193649,3891.441058,3987.503987,
Trinidad and Tobago,TTO,7080.989817,7499.243316,8392.532702,8486.313823,8934.300061,9433.829888,10264.53587,11206.55087,12235.47615,13384.44198,14590.83383,15477.72714,16896.24604,19597.94841,21615.02249,23555.7148,27346.16638,29283.36361,30724.79466,29454.02792,30620.1748,30980.45449,31770.1904,32831.47606,32937.07201,33698.66655,31754.46967,31461.26406,32014.78313,
Tunisia,TUN,3639.389213,3823.389472,4124.732256,4225.606782,4367.616048,4485.298651,4818.862277,5098.372029,5337.215827,5680.131905,6021.264395,6331.13635,6465.27773,6843.692211,7408.824855,7839.868116,8421.998833,9135.799881,9605.921377,9868.305639,10227.32596,10139.13146,10642.5379,11032.93957,11460.34826,11598.86038,11743.4899,12047.05114,12502.82019,
Turkey,TUR,6141.073464,6302.782792,6721.16249,7313.833538,6950.971314,7487.435705,8017.780611,8626.035507,9095.990823,8757.193372,9583.78065,9215.131989,9329.813176,9603.880437,10860.05874,11887.86395,13621.46548,14849.32529,16053.80379,15489.87192,17425.86136,19651.67848,20616.86987,22269.03766,23967.11803,25625.57463,26150.3998,27915.52365,28068.85941,
Tuvalu,TUV,1542.80705,1631.85764,1699.401701,1795.023915,2009.212205,1939.043146,1851.858523,2072.231726,2418.057444,2410.993109,2428.493554,2498.379457,2706.083826,2628.841103,2624.523401,2569.873659,2672.208254,2889.413134,3152.091628,3003.298324,2925.616097,3180.104184,3086.009247,3248.194851,3319.10486,3619.410338,3727.711339,3903.655005,4049.56438,
Tanzania,TZA,1002.928575,1023.760053,1017.938728,1019.669829,1024.57429,1052.174018,1090.937906,1121.384496,1149.195479,1194.215029,1245.069474,1314.909847,1392.131445,1470.929684,1578.693473,1700.950077,1815.144391,1934.752743,2026.252856,2088.519946,2182.374747,2329.330437,2408.249792,2539.662399,2680.385594,2791.023424,2926.328043,3090.494371,3240.262937,
Uganda,UGA,501.7489953,529.2550742,541.4788317,581.2251581,611.9435055,675.6198672,728.2975159,756.2545612,779.411785,829.7172236,849.103967,885.0605616,947.3411238,995.2352113,1057.383445,1123.213095,1242.210442,1339.980495,1438.876731,1500.178502,1552.93584,1679.937855,1722.184621,1757.490012,1820.129666,1868.547153,1908.300268,1945.358604,2038.073892,
Ukraine,UKR,6790.330547,6416.127202,5908.841726,5185.4465,4101.842979,3706.109688,3426.848863,3412.312261,3415.545028,3490.68835,3817.510547,4303.35667,4646.840744,5225.772428,6062.087656,6485.633061,7227.729835,8033.265679,8423.700146,7267.415871,7664.396582,8281.867126,8481.779747,8647.990381,8710.749383,7972.435611,8289.707288,8693.693649,9249.462135,
Upper middle income,UMC,3409.172823,3522.468803,3613.707603,3850.800044,4007.898251,4197.511526,4438.746221,4698.12819,4848.106771,5030.085186,5419.379683,5685.945148,5999.113089,6426.217867,7093.957643,7829.773016,8834.500571,9858.6181,10778.05952,11076.71832,12005.33229,13106.17993,13961.78921,14775.60401,15558.41838,16098.98468,16850.03067,17910.42392,19028.86276,
Uruguay,URY,6386.691086,6788.175139,7439.379631,7760.751569,8441.450318,8432.761509,9001.665154,9870.342512,10366.26816,10259.14437,10249.7381,10054.52709,9422.245715,9681.415106,10446.4655,11574.32289,12399.89304,13540.07137,14756.47578,15456.18466,16808.28488,17993.44754,18930.9673,20094.29378,21069.23438,21300.97607,21820.25901,22728.13475,23572.17746,
United States,USA,23888.60001,24342.2589,25418.99078,26387.29373,27694.85342,28690.8757,29967.71272,31459.139,32853.67698,34513.5615,36334.90878,37133.24281,38023.16111,39496.48588,41712.80107,44114.74778,46298.73144,47975.96768,48382.55845,47099.98047,48466.82338,49883.11398,51603.49726,53106.90977,55032.958,56803.47243,57904.20196,59927.92983,62794.58565,
Uzbekistan,UZB,2499.383715,2516.952453,2233.019408,2183.169974,2072.747689,2059.610923,2092.568049,2197.520526,2280.804656,2387.352928,2499.496162,2627.207489,2741.054692,2876.463685,3137.531025,3420.094331,3740.23256,4145.109337,4533.914272,4853.690566,5136.234068,5502.049022,5933.17607,6394.541435,6866.481774,7327.832069,7723.937506,8084.651372,8556.051512,
St. Vincent and the Grenadines,VCT,3619.212246,3773.84783,4099.378711,4371.537696,4408.360424,4851.199913,5006.345272,5275.171667,5557.541944,5792.928268,6018.054836,6248.683949,6736.242394,7373.343424,7873.038743,8312.448941,9223.366048,9795.376157,10155.83137,10028.25893,9807.792586,9965.064507,10285.2807,10639.2469,10948.04925,11182.83559,11486.90066,11782.722,12287.9755,
"Venezuela, RB",VEN,9486.936761,10513.74957,11149.09409,11194.6126,10927.08535,11355.64985,11306.35128,11991.87418,11927.06251,11160.618,11609.45843,12040.82557,10946.51197,10103.47423,12062.7375,13495.61258,15038.96211,16549.8039,17512.66493,16840.28222,16541.55868,17319.28961,18343.47989,18648.62405,18102.46829,,,,,
British Virgin Islands,VGB,,,,,,,,,,,,,,,,,,,,,,,,,,,,,,
Virgin Islands (U.S.),VIR,,,,,,,,,,,,,,,,,,,,,,,,,,,,,,
Vietnam,VNM,945.8703268,1014.537312,1104.367617,1197.855215,1307.149354,1437.30713,1575.959633,1709.896773,1805.815779,1896.98947,2048.363759,2200.02024,2353.000468,2538.163204,2777.246874,3051.608497,3332.143253,3631.182562,3874.039234,4074.18424,4342.751917,4662.223052,4949.131363,5253.397519,5613.627304,5989.75769,6365.289485,6857.984044,7447.814334,
Vanuatu,VUT,1654.986462,1716.157872,1749.075218,1752.304542,1899.661094,1912.177136,1951.175232,2044.257776,2119.046609,2117.833916,2247.43859,2166.861084,2037.99834,2110.139082,2196.248102,2326.010727,2537.567155,2676.832698,2837.237368,2882.471224,2888.738336,2905.904722,2930.914618,2956.516263,2997.943089,2954.966829,3011.853589,3123.565004,3221.149823,
World,WLD,5498.504312,5681.151567,5848.111472,6037.767326,6271.839863,6528.332109,6814.630865,7103.819124,7277.612176,7536.265624,7986.020966,8260.908486,8552.194532,8917.190394,9519.452015,10132.56139,10959.07067,11721.8335,12260.65738,12232.98526,12876.52253,13592.33638,14152.53959,14764.10168,15342.94675,15815.028,16358.48564,17151.60105,17948.41704,
Samoa,WSM,2397.690956,2404.131068,2431.862164,2566.286927,2530.60681,2734.052454,2964.615893,3019.213271,3106.29067,3205.724084,3487.169815,3790.586688,3994.694834,4226.80407,4513.226983,4816.581754,5027.896853,5454.115605,5579.016217,5313.757658,5360.970497,5655.137334,5480.605903,5505.993493,5570.620519,5831.525656,6336.645501,6495.387727,6483.534228,
Kosovo,XKX,,,,,,,,,,,3688.088054,4782.379635,4820.69745,5200.329414,5476.113407,5983.3044,6390.420478,6983.8792,7249.40936,7506.89862,7782.875107,8222.285712,8547.652384,8903.763429,9194.741819,9781.019679,10208.8579,10756.66346,11348.36345,
"Yemen, Rep.",YEM,2223.028771,2325.263661,2443.920401,2472.188808,2569.648739,2657.813447,2730.145147,2829.866193,2946.082495,3015.154886,3181.383522,3278.903531,3363.240378,3452.738165,3581.824687,3789.889382,3915.384569,4038.655597,4148.556849,4221.413776,4472.726448,3876.302619,3935.167105,4084.882967,4045.500031,3320.110156,2827.691023,2645.308383,2575.126385,
South Africa,ZAF,6424.502215,6414.057923,6261.716184,6331.77758,6520.866604,6719.583315,7000.801619,7179.806651,7180.857025,7348.952257,7719.255957,7994.262425,8315.442736,8613.587442,9136.414314,9796.154549,10524.34606,11240.26037,11667.84983,11416.00169,11728.16049,12179.17419,12488.21557,12815.72707,13090.47683,13185.25328,13188.02962,13438.28289,13686.88236,
Zambia,ZMB,1517.926292,1528.781247,1499.340446,1600.347799,1457.627696,1493.123972,1572.973238,1616.492883,1584.006801,1636.148309,1691.967387,1773.963693,1835.247757,1948.531639,2087.213343,2248.465939,2434.454195,2637.277877,2819.650593,3017.024571,3269.794329,3419.01046,3634.780353,3765.584162,3893.549478,3927.761816,3998.004435,4090.12004,4223.906936,
Zimbabwe,ZWE,1829.677575,1949.732966,1777.843425,1807.2257,1986.02816,2004.362417,2227.060619,2303.829588,2377.832245,2377.12842,2344.271146,2421.530752,2235.360895,1885.511354,1818.104977,1759.358119,1738.51425,1705.901346,1417.507098,1581.161558,1888.566739,2168.110293,2534.541919,2583.985638,2648.568967,2679.580317,2687.385429,2825.725122,3029.793005,
